name,ref
æ£®æ—00-å¥¹çš„å¦„æƒ³,https://ypmnkbb.saejeuj.com/api/app/media/m3u8/av/8c/sf/lc/5c/34774a9c12b649619c8f4049759c35bf.m3u8?
æ£®æ—01-ç›¸é‡,https://ypmnkbb.saejeuj.com/api/app/media/m3u8/zh/qy/yi/94/89/6dc3c8cb9112436682a5af22588f52a0.m3u8?
æ£®æ—02-æ¬ºéª—,https://ypmnkbb.saejeuj.com/api/app/media/m3u8/av/jm/jr/pg/bh/03dd6e239b5c40ceb3b156344a64b372.m3u8?
æ£®æ—03-ç¢è£‚,https://ypmnkbb.saejeuj.com/api/app/media/m3u8/av/si/p3/76/69/ff14c7c54f1143ddaacac8810fdb8e90.m3u8?
æ£®æ—04-å´å¯ç–ç‘¶(ç»ˆ),https://ypmnkbb.saejeuj.com/api/app/media/m3u8/av/qy/fi/ih/p7/dd522f6b3bd64097ba0e4350b9e65e1c.m3u8?
å¤æ—¥å›å¿†2,https://ypmnkbb.saejeuj.com/api/app/media/m3u8/av/8v/45/pi/sf/049e460a47e94faabd6e1b7bda0bb6ba.m3u8?
æµ·å²›ç”Ÿæ´»1,https://ypmnkbb.saejeuj.com/api/app/media/m3u8/av/f3/op/3a/ja/1bfcd36a631e400f9e673a66fbfb7385.m3u8?
æµ·å²›ç”Ÿæ´»2,https://v4.cvhlscdn.com/20220807/thM7wsId/hls/index.m3u8
ç”œç¾æ¸¸æˆé™ªç©1,https://ypmnkbb.saejeuj.com/api/app/media/m3u8/av/uu/7f/bg/b5/28ed051cdec84ccc98cb9a8a72b2a1aa.m3u8?
ç”œç¾æ¸¸æˆé™ªç©2,https://ypmnkbb.saejeuj.com/api/app/media/m3u8/av/ex/yn/el/3k/09f83fc673314e1c8fda7139737b4f1a.m3u8?
ç”œç¾æ¸¸æˆé™ªç©3,https://ypmnkbb.saejeuj.com/api/app/media/m3u8/av/us/6e/s5/8s/72622236ce244252b9726a3530820f28.m3u8?
æ™¨é’Ÿ/æš®é¼“1,https://ypmnkbb.saejeuj.com/api/app/media/m3u8/av/qu/rw/07/7u/3f708cc50f054574b72074d960e31609.m3u8?
é’è›‡,https://ypmnkbb.saejeuj.com/api/app/media/m3u8/av/2v/hl/ll/f0/ec17339c89b348b3a3d66edfeb412b24.m3u8?
æŒ‰æ‘©å¸ˆ,https://ypmnkbb.saejeuj.com/api/app/media/m3u8/av/8t/0r/9y/ho/5819556d96384d6f8b0db87e873e440a.m3u8?
ç‹¬è‡ªç»ƒä¹ 1,https://ypmnkbb.saejeuj.com/api/app/media/m3u8/av/i6/ic/gf/sz/5aae7ba090374eb89fa4cf650d8a8c27.m3u8?
çŸ­ç‰‡-ç”œé…·é…·,https://v4.cvhlscdn.com/20221221/esuqsIX3/hls/index.m3u8
çŸ­ç‰‡-ç™½ä¸è¯±æƒ‘,https://ypmnkbb.saejeuj.com/api/app/media/m3u8/av/pc/pl/12/8b/e42a460570f24b01a74d96680dda0786.m3u8?
çŸ­ç‰‡-è¿ä½“è¡£,https://v4.cvhlscdn.com/20220820/UJzhqJ5w/hls/index.m3u8
çŸ­ç‰‡-ç¾è‡€ç¦åˆ©,https://v4.cvhlscdn.com/20221105/J0hLzAts/hls/index.m3u8
çŸ­ç‰‡-ç²‰å«©é»‘ä¸,https://ypmnkbb.saejeuj.com/api/app/media/m3u8/zh/hr/mw/v7/cj/91fbc7eb82a449148ab6a0b58d5b9268.m3u8?
çŸ­ç‰‡-ä¹…è¿ä¸­å‡º,https://ypmnkbb.saejeuj.com/api/app/media/m3u8/av/a4/f2/bf/ak/6efd2825848243879a24c6eaac25c86f.m3u8?
çŸ­ç‰‡-ç™½ä¸JK,https://ypmnkbb.saejeuj.com/api/app/media/m3u8/av/pp/hh/cs/je/277847fb29e14f0c9925baf67fea96f0.m3u8?
çŸ­ç‰‡-è¶…ç´§è£™å­,https://ypmnkbb.saejeuj.com/api/app/media/m3u8/av/h3/pc/tc/pu/17ade76bc5b64b7dbe4849cea2d79ae4.m3u8?
çŸ­ç‰‡-é»‘ä¸JK,https://ypmnkbb.saejeuj.com/api/app/media/m3u8/av/ca/jp/jl/up/b792f63ce5eb40b591b2f99d0cf975bd.m3u8?
çŸ­ç‰‡-ç©å…·è¶³äº¤,https://ypmnkbb.saejeuj.com/api/app/media/m3u8/av/kv/y2/py/nv/edce4ada13884f1591c8af5e1063a192.m3u8?
çŸ­ç‰‡-æ¿€æƒ…çº¯çˆ±,https://ypmnkbb.saejeuj.com/api/app/media/m3u8/zh/ep/gu/9m/4l/fbcbd17845504371b6e95ff3b2086a45.m3u8?
çŸ­ç‰‡-ç²‰å«©ç™½ä¸,https://ypmnkbb.saejeuj.com/api/app/media/m3u8/av/do/4z/d7/k4/f51157f041264e4cb4490dd344803668.m3u8?
çŸ­ç‰‡-æ‡’æƒ°,https://ypmnkbb.saejeuj.com/api/app/media/m3u8/av/ff/4b/yn/rh/b181c716e35f48d1aee0063c5f714be1.m3u8?
çŸ­ç‰‡-å¿«ä¹æ—¶å…‰,https://ypmnkbb.saejeuj.com/api/app/media/m3u8/av/ye/rp/r8/bb/7c2fa3a7fca04875a56f3eb710a41224.m3u8?
èŠ±çµ®-å…¬å…±åœºåˆ,https://ypmnkbb.saejeuj.com/api/app/media/m3u8/av/lu/2b/qx/84/13f8f69e45ff4c85ac114a3df7b1ca9e.m3u8?
ssni-895æ–°å,https://t5s.cdn2020.com/video/m3u8/2020/10/24/47f23b08/index.m3u8
ssni-970æ–°å,https://t6s.cdn2020.com/video/m3u8/2021/03/07/ee3ae27c/index.m3u8
ssni-833æ–°å,https://t4s.cdn2020.com/video/m3u8/2020/09/06/169a9a85/index.m3u8
mide-821å°é‡å…­èŠ±,https://t4s.cdn2020.com/video/m3u8/2020/09/25/31eaeb70/index.m3u8
mide-784å°é‡å…­èŠ±,https://t6s.cdn2020.com/video/m3u8/2021/02/05/ddf896d6/index.m3u8
mide-797å°é‡å…­èŠ±,https://t4s.cdn2020.com/video/m3u8/2020/07/27/89cfae5b/index.m3u8
ssni-946æ–°åå‰å²¡,https://t6s.cdn2020.com/video/m3u8/2021/01/03/a551428f/index.m3u8
cawd-103æ°¸ç€¬èŠ±éŸ³,https://t4s.cdn2020.com/video/m3u8/2020/08/08/7e37986f/index.m3u8
xrw-748è·¡ç¾,https://t6s.cdn2020.com/video/m3u8/2021/01/19/f42b8234/index.m3u8
miaa-354æ°¸ç€¬æ¾æœ¬,https://t5s.cdn2020.com/video/m3u8/2020/12/05/91e2555f/index.m3u8
mird-192æ°¸ç€¬,https://t6s.cdn2020.com/video/m3u8/2020/12/30/741fbd15/index.m3u8
tyod-313è·¡ç¾,https://t6s.cdn2020.com/video/m3u8/2021/01/26/7559eadf/index.m3u8
mifd-070æ°¸ç€¬,https://t5s.cdn2020.com/video/m3u8/2020/12/04/6e452bb6/index.m3u8
dasd-697æ°¸ç€¬,https://t4s.cdn2020.com/video/m3u8/2020/08/08/8824643d/index.m3u8
wanz-507è·¡ç¾,https://t7.cdn2020.com/video/m3u8/2021/07/09/d259f632/index.m3u8
kimu-001æ°¸ç€¬,https://t5s.cdn2020.com/video/m3u8/2020/12/03/52308bcb/index.m3u8
ndra-063æ°¸ç€¬,https://t5s.cdn2020.com/video/m3u8/2020/12/06/540b20e7/index.m3u8
vrtm-511æ°¸ç€¬ç¥é‡,https://t5s.cdn2020.com/video/m3u8/2020/10/16/db15f88e/index.m3u8
xrw-506è·¡ç¾,https://t6s.cdn2020.com/video/m3u8/2021/01/19/00819d11/index.m3u8
cjod-327æ°¸ç€¬æ¾æœ¬,https://t15.cdn2020.com:12339/video/m3u8/2022/01/06/203c34eb/index.m3u8
tyod-349è·¡ç¾,https://t6s.cdn2020.com/video/m3u8/2021/02/21/3744f278/index.m3u8
midv-058é«˜æ©‹,https://t17.cdn2020.com:12341/video/m3u8/2022/03/13/eb45677f/index.m3u8
miaa-494æ°¸ç€¬æ¾æœ¬,https://t11.cdn2020.com:12336/video/m3u8/2021/09/25/5d90c845/index.m3u8
ekdv-600æ°¸ç€¬,https://t6s.cdn2020.com/video/m3u8/2021/01/06/bc50f146/index.m3u8
ambi-135æ°¸ç€¬,https://t15.cdn2020.com:12339/video/m3u8/2022/01/06/6048856a/index.m3u8
mide-869å°é‡å…­èŠ±,https://t6s.cdn2020.com/video/m3u8/2021/03/03/e83316f8/index.m3u8
midv-031å°é‡å…­èŠ±,https://t15.cdn2020.com:12339/video/m3u8/2022/01/30/b314c4f7/index.m3u8
MKON-062æ°¸ç€¬,https://t11.cdn2020.com:12336/video/m3u8/2021/10/02/b2ec7794/index.m3u8
cawd-337ä¼Šè—¤èˆé›ª,https://t17.cdn2020.com:12341/video/m3u8/2022/03/13/795e137b/index.m3u8
kawd-969ä¼Šè—¤èˆé›ª,https://t7.cdn2020.com/video/m3u8/2021/06/26/786bf9c7/index.m3u8
kawd-896æ¡œ,https://t7.cdn2020.com/video/m3u8/2021/07/16/38718fcf/index.m3u8
cawd-114ä¼Šè—¤èˆé›ª,https://t4s.cdn2020.com/video/m3u8/2020/09/30/d4fadbfc/index.m3u8
cawd-105ä¼Šè—¤èˆé›ª,https://t4s.cdn2020.com/video/m3u8/2020/09/11/6d916c65/index.m3u8
cawd-345æ —å®«,https://t17.cdn2020.com:12341/video/m3u8/2022/03/13/39543033/index.m3u8
cawd-090æ¡œ,https://t4s.cdn2020.com/video/m3u8/2020/08/08/0cce29ae/index.m3u8
cawd-152ä¼Šè—¤èˆé›ª,https://t6s.cdn2020.com/video/m3u8/2021/01/06/69cbe5ef/index.m3u8
cawd-277æ¡œ,https://t11.cdn2020.com:12336/video/m3u8/2021/09/12/a86b151b/index.m3u8
cawd-115æ¡œ,https://t4s.cdn2020.com/video/m3u8/2020/09/30/90b04d82/index.m3u8
cawd-126ä¼Šè—¤èˆé›ª,https://t5s.cdn2020.com/video/m3u8/2020/11/03/7be63c6c/index.m3u8
cawd-322æ¡œ,https://t15.cdn2020.com:12339/video/m3u8/2022/01/10/0dedbb0a/index.m3u8
cawd-249æ—¥å‘,https://t11.cdn2020.com:12336/video/m3u8/2021/09/09/1d06c4c1/index.m3u8
cawd-344æ—¥å‘,https://t17.cdn2020.com:12341/video/m3u8/2022/03/13/cec629b6/index.m3u8
cawd-164æ¡œ,https://t6s.cdn2020.com/video/m3u8/2021/02/08/bb51f372/index.m3u8
cawd-323æ—¥å‘,https://t15.cdn2020.com:12339/video/m3u8/2022/01/10/2d227314/index.m3u8
cawd-106æ¡œ,https://t4s.cdn2020.com/video/m3u8/2020/09/11/88567d77/index.m3u8
cawd-342æ¡œ,https://t17.cdn2020.com:12341/video/m3u8/2022/03/13/235e6c5b/index.m3u8
atid-500è‘‰é¢¨æ¾æœ¬,https://t17.cdn2020.com:12341/video/m3u8/2022/03/13/d7446265/index.m3u8
å’Œ-272äºŒå®®,https://t5s.cdn2020.com/video/m3u8/2020/11/18/22f15192/index.m3u8
atid-493äºŒå®®,https://t15.cdn2020.com:12339/video/m3u8/2022/01/10/c604e813/index.m3u8
meyd-698ä¼Šè—¤èˆé›ª,https://t11.cdn2020.com:12336/video/m3u8/2021/09/25/2e795f67/index.m3u8
pred-340åºƒç€¬,https://t11.cdn2020.com:12336/video/m3u8/2021/09/28/4b78c206/index.m3u8
meyd-722äºŒå®®,https://t15.cdn2020.com:12339/video/m3u8/2021/12/26/b6de6d95/index.m3u8
å’Œ-288äºŒå®®,https://t6s.cdn2020.com/video/m3u8/2021/01/20/629673ee/index.m3u8
cawd-273ä¼Šè—¤èˆé›ª,https://t11.cdn2020.com:12336/video/m3u8/2021/09/11/93b2bc8f/index.m3u8
tppn-210åºƒç€¬,https://t15.cdn2020.com:12339/video/m3u8/2022/01/25/c350039a/index.m3u8
å’Œ-382äºŒå®®,https://t17.cdn2020.com:12341/video/m3u8/2022/03/13/239d6d2d/index.m3u8
ymdd-242ç™½å·å¥éŸ³,https://t15.cdn2020.com:12339/video/m3u8/2022/01/31/a08937ab/index.m3u8
atid-441äºŒå®®,https://t5s.cdn2020.com/video/m3u8/2020/11/01/64d4af42/index.m3u8
cawd-321ä¼Šè—¤èˆé›ª,https://t15.cdn2020.com:12339/video/m3u8/2022/01/10/07c5fd13/index.m3u8
docp-212å¥éŸ³,https://t6s.cdn2020.com/video/m3u8/2021/02/16/6616b78f/index.m3u8
å’Œ-384åºƒç€¬,https://t17.cdn2020.com:12341/video/m3u8/2022/03/13/bb3bff27/index.m3u8
ocs-037å¥éŸ³å¼¥ç”Ÿ,https://t15.cdn2020.com:12339/video/m3u8/2021/12/27/85268141/index.m3u8
msfh-039åºƒç€¬,https://t5s.cdn2020.com/video/m3u8/2020/11/18/78db97d9/index.m3u8
atid-440å²¬,https://t4s.cdn2020.com/video/m3u8/2020/10/11/0ab621b0/index.m3u8
hbad-549è—¤æ£®é‡Œç©‚,https://t4s.cdn2020.com/video/m3u8/2020/09/03/f5dc454a/index.m3u8
ipx-632å²¬,https://t11.cdn2020.com:12336/video/m3u8/2021/08/28/b7f4dd73/index.m3u8
ipx-55å²¬,https://t5s.cdn2020.com/video/m3u8/2020/10/17/9d0eaac1/index.m3u8
miaa-367è—¤æ£®é‡Œç©‚,https://t6s.cdn2020.com/video/m3u8/2021/01/17/15af2503/index.m3u8
ipx-164å²¬,https://t4s.cdn2020.com/video/m3u8/2020/08/18/4222e060/index.m3u8
ipx-729å²¬,https://t11.cdn2020.com:12336/video/m3u8/2021/09/19/3979fa25/index.m3u8
ipx-084å²¬,https://t4s.cdn2020.com/video/m3u8/2020/08/19/7f10b27e/index.m3u8
bf-622è—¤æ£®é‡Œç©‚,https://t7.cdn2020.com/video/m3u8/2021/07/07/e39a10d3/index.m3u8
atid-412å²¬,https://t5s.cdn2020.com/video/m3u8/2020/12/08/5c4f6eca/index.m3u8
ipx-585å²¬,https://t6s.cdn2020.com/video/m3u8/2020/12/29/91abcc6e/index.m3u8
and-258è—¤æ£®é‡Œç©‚,https://t4s.cdn2020.com/video/m3u8/2020/08/13/b43bcd8f/index.m3u8
ipx-601å²¬,https://t6s.cdn2020.com/video/m3u8/2021/02/27/bd05d99b/index.m3u8
chn-186çµåŸ,https://t15.cdn2020.com:12339/video/m3u8/2022/01/03/afd1cf53/index.m3u8
hbad-558è—¤æ£®é‡Œç©‚,https://t5s.cdn2020.com/video/m3u8/2020/10/29/89c38843/index.m3u8
abw-178çµåŸ,https://t15.cdn2020.com:12339/video/m3u8/2021/12/25/ae7feac3/index.m3u8
ipx-527å²¬,https://t4s.cdn2020.com/video/m3u8/2020/08/17/e1844eba/index.m3u8
ipx-539å²¬,https://t4s.cdn2020.com/video/m3u8/2020/09/19/772e1a46/index.m3u8
atid-447è—¤æ£®é‡Œç©‚,https://t6s.cdn2020.com/video/m3u8/2021/01/20/3d6b0aaf/index.m3u8
jul-420è—¤æ£®é‡Œç©‚,https://t6s.cdn2020.com/video/m3u8/2021/01/09/877d5f72/index.m3u8
rbd-978è—¤æ£®é‡Œç©‚,https://t11.cdn2020.com:12336/video/m3u8/2021/09/06/4af63f0b/index.m3u8
meyd-726è—¤æ£®é‡Œç©‚,https://t15.cdn2020.com:12339/video/m3u8/2021/12/27/b095a9b9/index.m3u8
usba-032è—¤æ£®é‡Œç©‚,https://t15.cdn2020.com:12339/video/m3u8/2022/01/24/419c982e/index.m3u8
miaa-552åŒ—é‡æœªå¥ˆ,https://t15.cdn2020.com:12339/video/m3u8/2022/01/13/83e19dbc/index.m3u8
pppd-989è—¤æ£®é‡Œç©‚,https://t15.cdn2020.com:12339/video/m3u8/2021/12/29/c830aec2/index.m3u8
venx-099åŒ—é‡æœªå¥ˆ,https://t15.cdn2020.com:12339/video/m3u8/2022/01/31/f3816a72/index.m3u8
vec-514åŒ—é‡æœªå¥ˆ,https://t17.cdn2020.com:12341/video/m3u8/2022/03/13/0dc53602/index.m3u8
meyd-724åŒ—é‡æœªå¥ˆ,https://t15.cdn2020.com:12339/video/m3u8/2021/12/27/1378ee5d/index.m3u8
dfdm-021è—¤æ£®é‡Œç©‚,https://t11.cdn2020.com:12336/video/m3u8/2021/09/05/9f33f80b/index.m3u8
jul-833è—¤æ£®é‡Œç©‚,https://t15.cdn2020.com:12339/video/m3u8/2022/01/17/e0200fdd/index.m3u8
miaa-543è—¤æ£®é‡Œç©‚,https://t15.cdn2020.com:12339/video/m3u8/2021/12/27/33fed749/index.m3u8
blk-547è—¤æ£®é‡Œç©‚,https://t15.cdn2020.com:12339/video/m3u8/2022/01/30/75b14a5f/index.m3u8
ssni-889è‘µ,https://t5s.cdn2020.com/video/m3u8/2020/10/24/e88b156f/index.m3u8
atid-443æ·±ç”°,https://t4s.cdn2020.com/video/m3u8/2020/10/12/e25f3223/index.m3u8
royd-021æ·±ç”°,https://t4s.cdn2020.com/video/m3u8/2020/09/28/cbe47c7a/index.m3u8
rki-603æ·±ç”°,https://t4s.cdn2020.com/video/m3u8/2020/09/28/c4b42ec2/index.m3u8
ssni-012è‘µ,https://t6s.cdn2020.com/video/m3u8/2021/01/13/d05bea99/index.m3u8
ssni-866è‘µ,https://t4s.cdn2020.com/video/m3u8/2020/09/24/15914a9c/index.m3u8
snis-851è‘µ,https://t5s.cdn2020.com/video/m3u8/2020/12/07/813dce7c/index.m3u8
rki-498æ·±ç”°,https://t6s.cdn2020.com/video/m3u8/2020/12/30/659b5ba6/index.m3u8
ssni-940è‘µ,https://t6s.cdn2020.com/video/m3u8/2021/01/03/d4cef885/index.m3u8
ssni-846è‘µ,https://t4s.cdn2020.com/video/m3u8/2020/09/06/bee6e558/index.m3u8
ssni-879è‘µå°å³¶,https://t5s.cdn2020.com/video/m3u8/2020/10/16/4bf4252f/index.m3u8
ssni-803è‘µ,https://t4s.cdn2020.com/video/m3u8/2020/09/03/0250496e/index.m3u8
snis-801è‘µ,https://t6s.cdn2020.com/video/m3u8/2021/01/13/7ae80e1c/index.m3u8
shkd-897æ·±ç”°,https://t6s.cdn2020.com/video/m3u8/2021/02/05/f60c5449/index.m3u8
jufe-361èœœç¾æ,https://t15.cdn2020.com:12339/video/m3u8/2022/01/30/1c033889/index.m3u8
ssni-964è‘µ,https://t6s.cdn2020.com/video/m3u8/2021/03/07/92a0c292/index.m3u8
ssis-271è‘µ,https://t15.cdn2020.com:12339/video/m3u8/2022/01/23/4627a34c/index.m3u8
fsdss-069æ©‹æœ¬,https://t4s.cdn2020.com/video/m3u8/2020/08/07/7e12a026/index.m3u8
miaa-563èŠ±ç‹©,https://t15.cdn2020.com:12339/video/m3u8/2022/01/30/808c2e05/index.m3u8
7æœˆ-251æ·±ç”°,https://t4s.cdn2020.com/video/m3u8/2020/08/12/b2a49e99/index.m3u8
fsdss-283å¤©ä½¿,https://t11.cdn2020.com:12336/video/m3u8/2021/09/05/7742e457/index.m3u8
fsdss-111æ©‹æœ¬,https://t5s.cdn2020.com/video/m3u8/2020/10/29/2e56484b/index.m3u8
ssni-677æ©‹æœ¬,https://t4s.cdn2020.com/video/m3u8/2020/09/15/d59c61da/index.m3u8
fsdss-274æ©‹æœ¬,https://t11.cdn2020.com:12336/video/m3u8/2021/08/28/fd876ab1/index.m3u8
fsdss-127æ©‹æœ¬,https://t5s.cdn2020.com/video/m3u8/2020/12/08/b39c9664/index.m3u8
fsdss-098æ©‹æœ¬,https://t5s.cdn2020.com/video/m3u8/2020/10/19/f7db3d3e/index.m3u8
fsdss-268å¤©ä½¿,https://t11.cdn2020.com:12336/video/m3u8/2021/09/05/01ec6b81/index.m3u8
pred-274æ·±ç”°æ˜Ÿå¥ˆ,https://t5s.cdn2020.com/video/m3u8/2020/12/15/2d10bbba/index.m3u8
waaa-128èŠ±ç‹©,https://t15.cdn2020.com:12339/video/m3u8/2022/01/15/166cdfea/index.m3u8
å‰èº«-266æ˜Ÿå¥ˆ,https://t5s.cdn2020.com/video/m3u8/2020/11/19/9e853c1e/index.m3u8
cawd-154å¤©éŸ³,https://t6s.cdn2020.com/video/m3u8/2021/01/06/b88e9973/index.m3u8
cawd-175ç™¾ç”°,https://t6s.cdn2020.com/video/m3u8/2021/02/08/21038bf2/index.m3u8
ssni-971å‰å²¡,https://t6s.cdn2020.com/video/m3u8/2021/03/07/d80ec2c6/index.m3u8
snis-952å¤©ä½¿,https://t4s.cdn2020.com/video/m3u8/2020/08/14/a2e1e940/index.m3u8
fsdss-077å¤©ä½¿,https://t4s.cdn2020.com/video/m3u8/2020/09/05/a64d7346/index.m3u8
fsdss-146å¤©ä½¿,https://t6s.cdn2020.com/video/m3u8/2021/01/12/87e6fc48/index.m3u8
fsdss-331å‰å²¡,https://t15.cdn2020.com:12339/video/m3u8/2021/12/27/e4952e56/index.m3u8
cawd-324æ£®ç²å¥ˆ,https://t15.cdn2020.com:12339/video/m3u8/2022/01/13/3b12f1cc/index.m3u8
ssni-873å‰å²¡,https://t4s.cdn2020.com/video/m3u8/2020/09/28/14ff051f/index.m3u8
cawd-241åˆå·,https://t7.cdn2020.com/video/m3u8/2021/07/05/cc3f0042/index.m3u8
cawd-343å¤©éŸ³,https://t17.cdn2020.com:12341/video/m3u8/2022/03/13/1b6d1568/index.m3u8
ebod-793ç™¾ç”°,https://t6s.cdn2020.com/video/m3u8/2021/02/27/4a8c07b4/index.m3u8
ssni-896å‰å²¡,https://t5s.cdn2020.com/video/m3u8/2020/10/24/2e263371/index.m3u8
snis-653å¤©ä½¿,https://t5s.cdn2020.com/video/m3u8/2020/11/29/2c0e69c5/index.m3u8
cawd-328å¸‚å·çˆ±èŒ‰,https://t15.cdn2020.com:12339/video/m3u8/2022/01/13/23e26296/index.m3u8
fsdss-108å¤©ä½¿,https://t5s.cdn2020.com/video/m3u8/2020/10/29/078dfa15/index.m3u8
fsdss-122å¤©ä½¿,https://t5s.cdn2020.com/video/m3u8/2020/12/04/a2a33396/index.m3u8
fsdss-092å¤©ä½¿,https://t4s.cdn2020.com/video/m3u8/2020/09/28/87e3622f/index.m3u8
cawd-234ç·‘å®¶,https://t7.cdn2020.com/video/m3u8/2021/07/01/e9a0ce4f/index.m3u8
gvg-636å¤§æ§»,https://t4s.cdn2020.com/video/m3u8/2020/08/11/37d09a88/index.m3u8
cawd-128éˆ´,https://t5s.cdn2020.com/video/m3u8/2020/11/03/52816218/index.m3u8
7æœˆ-447éˆ´,https://t6s.cdn2020.com/video/m3u8/2021/02/16/a0ae845e/index.m3u8
MRSS-120å¤§æ§»,https://t11.cdn2020.com:12336/video/m3u8/2021/10/02/d8fa30cf/index.m3u8
cesd-210å¤§æ§»,https://t4s.cdn2020.com/video/m3u8/2020/09/03/2b51746b/index.m3u8
cawd-134æˆç”°,https://t5s.cdn2020.com/video/m3u8/2020/11/03/4b9cb5fd/index.m3u8
ssni-673å‚é“,https://t6s.cdn2020.com/video/m3u8/2021/01/18/c95dbaac/index.m3u8
miaa-382æˆç”°,https://t7.cdn2020.com/video/m3u8/2021/04/16/db5c1ca3/index.m3u8
cjod-314å¤§æ§»,https://t11.cdn2020.com:12336/video/m3u8/2021/10/02/55140a5f/index.m3u8
miaa-553å¤©éŸ³,https://t15.cdn2020.com:12339/video/m3u8/2022/01/13/72a566c5/index.m3u8
cjod-261å¤§æ§»,https://t5s.cdn2020.com/video/m3u8/2020/11/03/d06465b3/index.m3u8
xvsr-566å¤§æ§»,https://t5s.cdn2020.com/video/m3u8/2020/12/16/aaf06750/index.m3u8
pppd-544è‹¥èœå¥ˆå¤®,https://t4s.cdn2020.com/video/m3u8/2020/10/09/ebc8637c/index.m3u8
xvsr-628å’²é‡ç‘å¸Œ,https://t15.cdn2020.com:12339/video/m3u8/2022/01/27/6b178ebf/index.m3u8
æ˜Ÿ-263é’ç©º,https://t4s.cdn2020.com/video/m3u8/2020/08/29/bbc9b4f9/index.m3u8
ipx-592æ —å±±è‰ç·’,https://t6s.cdn2020.com/video/m3u8/2021/02/27/ccd1bac4/index.m3u8
ssni-901å‚é“,https://t5s.cdn2020.com/video/m3u8/2020/10/24/7568ef48/index.m3u8
ssni-906å‚é“,https://t5s.cdn2020.com/video/m3u8/2020/11/20/5bf8d8d2/index.m3u8
xvsr-633å’²é‡ç‘å¸Œ,https://t17.cdn2020.com:12341/video/m3u8/2022/03/16/e9516315/index.m3u8
ssni-720å‚é“,https://t6s.cdn2020.com/video/m3u8/2021/02/05/4c09a395/index.m3u8
venx-111æ¡œåº­,https://t17.cdn2020.com:12341/video/m3u8/2022/03/16/8d55dd9c/index.m3u8
æ˜Ÿ-507æœç”°,https://t17.cdn2020.com:12341/video/m3u8/2022/03/16/6f755150/index.m3u8
æ˜Ÿ-380é’ç©º,https://t7.cdn2020.com/video/m3u8/2021/07/09/78e8dd0f/index.m3u8
ipx-575æ —å±±è‰ç·’,https://t6s.cdn2020.com/video/m3u8/2020/12/28/4999f5dc/index.m3u8
jufd-475æ°´é‡æœé™½,https://t4s.cdn2020.com/video/m3u8/2020/08/19/5aef27a8/index.m3u8
ssni-840å‚é“,https://t4s.cdn2020.com/video/m3u8/2020/08/14/21c71718/index.m3u8
atid-332ä¸¦æœ¨å¡”å­,https://t5s.cdn2020.com/video/m3u8/2020/11/11/22a15817/index.m3u8
ssni-858å‚é“,https://t4s.cdn2020.com/video/m3u8/2020/09/28/cf872ec0/index.m3u8
æ˜Ÿ-289é’ç©º,https://t5s.cdn2020.com/video/m3u8/2020/10/21/1c137c3d/index.m3u8
æ˜Ÿ-277é’ç©º,https://t4s.cdn2020.com/video/m3u8/2020/09/26/3d735072/index.m3u8
7æœˆ-356å›å³¶,https://t5s.cdn2020.com/video/m3u8/2020/11/03/a7b9fb82/index.m3u8
MDX-0199æ²ˆå¨œå¨œ,https://t15.cdn2020.com:12339/video/m3u8/2022/01/27/8ab87760/index.m3u8
venu-964æ£®æ²¢,https://t5s.cdn2020.com/video/m3u8/2020/11/15/49c246d8/index.m3u8
MDX-0184æ²ˆå¨œå¨œ,https://t15.cdn2020.com:12339/video/m3u8/2022/02/02/fd46d2d1/index.m3u8
7æœˆ-393æ°´æˆ¸,https://t5s.cdn2020.com/video/m3u8/2020/12/13/891a5b24/index.m3u8
gvh-139å›å³¶,https://t5s.cdn2020.com/video/m3u8/2020/11/22/0f62f74c/index.m3u8
vec-434æ£®æ²¢,https://t4s.cdn2020.com/video/m3u8/2020/08/20/1331eefa/index.m3u8
MDX-0153æ²ˆå¨œå¨œ,https://t11.cdn2020.com:12336/video/m3u8/2021/09/23/7e3e81a8/index.m3u8
MDX-0234æ²ˆå¨œå¨œ,https://t15.cdn2020.com:12339/video/m3u8/2022/01/02/ca211ee2/index.m3u8
venx-097å·è¥¿åƒå¸†,https://t15.cdn2020.com:12339/video/m3u8/2022/01/03/74cc63f7/index.m3u8
gvh-103æ£®æ²¢,https://t5s.cdn2020.com/video/m3u8/2020/10/31/24b330ac/index.m3u8
MDX-0235æ²ˆå¨œå¨œ,https://t15.cdn2020.com:12339/video/m3u8/2022/01/08/9961c3ae/index.m3u8
7æœˆ-331æ°´æˆ¸,https://t5s.cdn2020.com/video/m3u8/2020/10/18/d7e7d49a/index.m3u8
7æœˆ-306æ°´æˆ¸,https://t4s.cdn2020.com/video/m3u8/2020/09/20/c1625a99/index.m3u8
esd-483æ£®æ²¢,https://t4s.cdn2020.com/video/m3u8/2020/08/16/84f483f7/index.m3u8
7æœˆ-428æ°´æˆ¸,https://t6s.cdn2020.com/video/m3u8/2021/01/24/cf1b0fdb/index.m3u8
vec-518å·è¥¿åƒå¸†,https://t17.cdn2020.com:12341/video/m3u8/2022/03/16/9fa939f4/index.m3u8
MDX-0239æ²ˆå¨œå¨œ,https://t6s.cdn2020.com/video/m3u8/2021/02/25/9433e4c7/index.m3u8
MDX-0237æ²ˆå¨œå¨œ,https://t15.cdn2020.com:12339/video/m3u8/2022/01/23/8abe7057/index.m3u8
MDX-0238æ²ˆå¨œå¨œ,https://t15.cdn2020.com:12339/video/m3u8/2021/12/25/d3aa5d62/index.m3u8
é¸³é¸¯å°æ¡ƒ,https://t17.cdn2020.com:12341/video/m3u8/2022/03/16/f307aa3f/index.m3u8
MDX-0243æ²ˆå¨œå¨œ,https://t4s.cdn2020.com/video/m3u8/2020/09/02/4dfb363c/index.m3u8
MDX-0242æ²ˆå¨œå¨œ,https://t5s.cdn2020.com/video/m3u8/2020/11/25/baa04ade/index.m3u8
å‰ç”°ç”±ç¾,https://t17.cdn2020.com:12341/video/m3u8/2022/03/16/1cc603cb/index.m3u8
MXGS-812ç”±æ„›å¯å¥ˆ,https://t4s.cdn2020.com/video/m3u8/2020/09/30/a6184b61/index.m3u8
åŠ å‹’æ¯”ç¶¾ç€¬,https://t4s.cdn2020.com/video/m3u8/2020/09/03/68ed123c/index.m3u8
MDX-0236æ²ˆå¨œå¨œ,https://t15.cdn2020.com:12339/video/m3u8/2022/01/15/9d2b35f4/index.m3u8
MDX-0241æ²ˆå¨œå¨œ,https://t5s.cdn2020.com/video/m3u8/2020/11/27/0147d0cd/index.m3u8
MDX-0240æ²ˆå¨œå¨œ,https://t6s.cdn2020.com/video/m3u8/2021/02/25/648c8c36/index.m3u8
MDX-0244æ²ˆå¨œå¨œ,https://t7.cdn2020.com/video/m3u8/2021/06/08/57b6136c/index.m3u8
stars-556é’ç©º,https://t17.cdn2020.com:12341/video/m3u8/2022/03/22/377a0b0c/index.m3u8
ssis-350çˆ±å®,https://t17.cdn2020.com:12341/video/m3u8/2022/03/23/fca391c6/index.m3u8
ipx-838ç›¸æ²¢,https://t17.cdn2020.com:12341/video/m3u8/2022/03/19/e79e81cc/index.m3u8
ssis-349å±±æ‰‹æ¢¨çˆ±,https://t17.cdn2020.com:12341/video/m3u8/2022/03/23/87309cc7/index.m3u8
ipx-835è¥¿å®«,https://t17.cdn2020.com:12341/video/m3u8/2022/03/19/86968c96/index.m3u8
ipx-840ç¨²æ£®ç¾å¿§,https://t17.cdn2020.com:12341/video/m3u8/2022/03/19/80854a3e/index.m3u8
ipx-827è—¤äº•,https://t17.cdn2020.com:12341/video/m3u8/2022/03/19/27f8ce12/index.m3u8
ipx-831æ«,https://t17.cdn2020.com:12341/video/m3u8/2022/03/19/fd3b071c/index.m3u8
hmn-136åŒ—é‡æœªå¥ˆ,https://t17.cdn2020.com:12341/video/m3u8/2022/03/21/f06783f4/index.m3u8
ipx-828äºŒå¶,https://t17.cdn2020.com:12341/video/m3u8/2022/03/19/0f61d39c/index.m3u8
ipx-824å®«è¥¿,https://t17.cdn2020.com:12341/video/m3u8/2022/03/19/8129c2ad/index.m3u8
ipx-830åŠ æå¥ˆ,https://t17.cdn2020.com:12341/video/m3u8/2022/03/19/4743f084/index.m3u8
ssis-284é¦™æ¾„,https://t15.cdn2020.com:12339/video/m3u8/2022/01/07/81e7a67a/index.m3u8
pppd-876å¤å¸Œ,https://t5s.cdn2020.com/video/m3u8/2020/10/24/49278e82/index.m3u8
pred-337æ˜Ÿå¥ˆ,https://t11.cdn2020.com:12336/video/m3u8/2021/09/28/49ed95c2/index.m3u8
jul-803ç´«æœˆ,https://t15.cdn2020.com:12339/video/m3u8/2022/01/03/1bbd6852/index.m3u8
jul-806é’ç”°æ‚ å,https://t15.cdn2020.com:12339/video/m3u8/2022/01/03/557ab934/index.m3u8
mide-884ä¸ƒæ²¢,https://t11.cdn2020.com:12336/video/m3u8/2021/08/28/e26824af/index.m3u8
ssni-948ä¹™ç™½,https://t6s.cdn2020.com/video/m3u8/2021/01/03/4b5fa82c/index.m3u8
mide-834ä¸ƒæ²¢,https://t5s.cdn2020.com/video/m3u8/2020/10/17/62d7b8bc/index.m3u8
midv-057çŸ³å·æ¾ª,https://t17.cdn2020.com:12341/video/m3u8/2022/03/13/469771e5/index.m3u8
ssni-898ä¹™ç™½,https://t5s.cdn2020.com/video/m3u8/2020/10/24/d344c575/index.m3u8
jul-430å·æ‘æ™´,https://t6s.cdn2020.com/video/m3u8/2021/02/03/80e0246d/index.m3u8
jul-888é’ç”°æ‚ å,https://t17.cdn2020.com:12341/video/m3u8/2022/03/19/cebd8242/index.m3u8
ssni-838ä¹™ç™½,https://t4s.cdn2020.com/video/m3u8/2020/07/30/6a0f9a9d/index.m3u8
fsdss-067æç¾½,https://t4s.cdn2020.com/video/m3u8/2020/08/18/2b50b935/index.m3u8
waaa-134å·¥è—¤,https://t15.cdn2020.com:12339/video/m3u8/2022/01/17/7ed2cc24/index.m3u8
focs-058æ°´åœéº»è¡£å¥ˆ,https://t17.cdn2020.com:12341/video/m3u8/2022/03/22/aa654c71/index.m3u8
bf-611ä¹…ç•™ç²æœ¨,https://t15.cdn2020.com:12339/video/m3u8/2022/01/27/57e5af50/index.m3u8
miaa-308ä¹…ç•™ç²æœ¨,https://t4s.cdn2020.com/video/m3u8/2020/09/12/58d8fa77/index.m3u8
miaa-362æ·±ç”°ä¹…ç•™æœ¨ç²,https://t6s.cdn2020.com/video/m3u8/2020/12/28/660a084d/index.m3u8
pppe-018æ°´å·,https://t17.cdn2020.com:12341/video/m3u8/2022/03/25/9a465787/index.m3u8
fsdss-288å¤æœ¨,https://t11.cdn2020.com:12336/video/m3u8/2021/09/23/54754c96/index.m3u8
miaa-342ä¹…ç•™ç²æœ¨,https://t5s.cdn2020.com/video/m3u8/2020/11/07/30222d64/index.m3u8
miaa-358ä¹…ç•™ç²æœ¨,https://t5s.cdn2020.com/video/m3u8/2020/12/05/88343b3f/index.m3u8
fsdss-341æ¡ƒå°»,https://t15.cdn2020.com:12339/video/m3u8/2021/12/27/d271228d/index.m3u8
fsdss-142æœˆä¹ƒ,https://t6s.cdn2020.com/video/m3u8/2021/01/12/3e97be5c/index.m3u8
mird-215ä¹…ç•™æœ¨ç²,https://t17.cdn2020.com:12341/video/m3u8/2022/03/25/fb46c028/index.m3u8
vmeyd-627ä¹…ç•™æœ¨ç²,https://t5s.cdn2020.com/video/m3u8/2020/10/17/ea223348/index.m3u8
jul-309ä¹…ç•™ç²æœ¨,https://t4s.cdn2020.com/video/m3u8/2020/09/20/3dd76397/index.m3u8
fsdss-141ç¾ä¹ƒ,https://t6s.cdn2020.com/video/m3u8/2020/12/29/32ab30ad/index.m3u8
ssis-363é¦™æ¾„,https://t17.cdn2020.com:12341/video/m3u8/2022/03/29/dfd9a2fd/index.m3u8
ntr-066 è‹¥èœå¥ˆå¤®,https://t17.cdn2020.com:12341/video/m3u8/2022/04/01/b7e0cfca/index.m3u8
snis-697æ¢¦ä¹ƒ,https://t17.cdn2020.com:12341/video/m3u8/2022/04/01/fc5e1b10/index.m3u8
miaa-602æ°¸ç€¬,https://t17.cdn2020.com:12341/video/m3u8/2022/03/25/a5430000/index.m3u8
midv-068å°é‡å…­èŠ±,https://t17.cdn2020.com:12341/video/m3u8/2022/03/25/d8dc277c/index.m3u8
natr-566ç­±ç”°,https://t17.cdn2020.com:12341/video/m3u8/2022/03/31/3d5a7b9e/index.m3u8
nnpj-492ä¼šç¤¾å¨˜,https://t17.cdn2020.com:12341/video/m3u8/2022/04/01/24ef6ef6/index.m3u8
midv-069ä¸ƒæ²¢,https://t17.cdn2020.com:12341/video/m3u8/2022/03/25/8368fd47/index.m3u8
abp-287æŸšæœˆ,https://t17.cdn2020.com:12341/video/m3u8/2022/03/31/19d5be2b/index.m3u8
stars-877å°ä»“ç”±èœ,https://t11.cdn2020.com:12336/video/m3u8/2021/08/31/6c20405e/index.m3u8
ipx-762è¥¿å®«,https://t17.cdn2020.com:12341/video/m3u8/2022/03/31/9426795d/index.m3u8
waaa-077æœˆé‡,https://t7.cdn2020.com/video/m3u8/2021/06/30/3b855a40/index.m3u8
miae-021å§«å·,https://t17.cdn2020.com:12341/video/m3u8/2022/03/31/d0b97f6d/index.m3u8
pppd-990æœˆé‡,https://t15.cdn2020.com:12339/video/m3u8/2021/12/30/b5d81241/index.m3u8
miaa-562æœˆé‡,https://t15.cdn2020.com:12339/video/m3u8/2022/01/30/6012e749/index.m3u8
miad-736å·æ‘,https://t7.cdn2020.com/video/m3u8/2021/03/18/3d310719/index.m3u8
rctd-418è¾»,https://t15.cdn2020.com:12339/video/m3u8/2021/12/30/af0cb0cf/index.m3u8
sdnm-323å¶æœˆå‡‰å­,https://t17.cdn2020.com:12341/video/m3u8/2022/04/04/fc46b201/index.m3u8
pppd-882å·æ‘æ™´,https://t5s.cdn2020.com/video/m3u8/2020/11/29/08d6c976/index.m3u8
dv-1501çˆ±å’²,https://t15.cdn2020.com:12339/video/m3u8/2022/01/21/fbbaa8ac/index.m3u8
gvg-039å·æ‘,https://t4s.cdn2020.com/video/m3u8/2020/08/16/156ebfc0/index.m3u8
vrtm-457çˆ±è‚²,https://t7.cdn2020.com/video/m3u8/2021/04/08/88622f1a/index.m3u8
mifd-133æ·±æ²¢,https://t5s.cdn2020.com/video/m3u8/2020/10/23/da6a0a2e/index.m3u8
aarm-066æ²»ç–—å¸ˆ,https://t17.cdn2020.com:12341/video/m3u8/2022/04/04/e61cb482/index.m3u8
jul-414æ·±æ²¢,https://t6s.cdn2020.com/video/m3u8/2021/01/09/fda02e53/index.m3u8
rbd-868æœ¬åº„ä¼˜èŠ±,https://t5s.cdn2020.com/video/m3u8/2020/11/24/1a297d76/index.m3u8
sdde-438ä½³è‹—,https://t17.cdn2020.com:12341/video/m3u8/2022/04/04/59223c0c/index.m3u8
pppd-875å·æ‘æ™´,https://t5s.cdn2020.com/video/m3u8/2020/10/24/faf3cc22/index.m3u8
mimk-072æ·±æ²¢,https://t4s.cdn2020.com/video/m3u8/2020/09/28/4d220cd9/index.m3u8
mkon-075è¾»,https://t17.cdn2020.com:12341/video/m3u8/2022/04/04/7bd4c045/index.m3u8
ssis-353æ¢¦ä¹ƒ,https://t17.cdn2020.com:12341/video/m3u8/2022/04/03/fe5a9ab5/index.m3u8
nacr-452æ˜¥åŸæœªæ¥,https://t15.cdn2020.com:12339/video/m3u8/2022/01/11/b0bc7ac6/index.m3u8
sdmu-968å·æ‘,https://t15.cdn2020.com:12339/video/m3u8/2022/01/14/ce8ff22b/index.m3u8
pppd-869å·æ‘æ™´,https://t5s.cdn2020.com/video/m3u8/2020/10/21/c79501a2/index.m3u8
mkmp-434ç™¾æ°¸,https://t17.cdn2020.com:12341/video/m3u8/2022/04/04/3b0b4325/index.m3u8
mimk-083å·æ‘æ™´,https://t7.cdn2020.com/video/m3u8/2021/04/16/48dfb4fb/index.m3u8
gvh-286è¾»,https://t15.cdn2020.com:12339/video/m3u8/2022/01/27/e11ddbbb/index.m3u8
jufd-717æ‘æ³½,https://t11.cdn2020.com:12336/video/m3u8/2021/09/28/0493761c/index.m3u8
abw-175æ²³åˆ,https://t15.cdn2020.com:12339/video/m3u8/2022/01/17/b82f6079/index.m3u8
chn-190å”¯æœˆä¼˜èŠ±,https://t4s.cdn2020.com/video/m3u8/2020/09/09/c116481a/index.m3u8
abw-201æ²³åˆ,https://t17.cdn2020.com:12341/video/m3u8/2022/03/15/4fdaee6f/index.m3u8
abw-103çˆ±éŸ³,https://t11.cdn2020.com:12336/video/m3u8/2021/09/04/e3b58ef8/index.m3u8
abw-014çˆ±éŸ³,https://t5s.cdn2020.com/video/m3u8/2020/10/28/91fc84df/index.m3u8
abw-176å”¯æœˆä¼˜èŠ±,https://t15.cdn2020.com:12339/video/m3u8/2022/01/17/cd1cba72/index.m3u8
nhdtb-641æ¸©æ³‰æ—…é¦†,https://t17.cdn2020.com:12341/video/m3u8/2022/04/05/f6bdce37/index.m3u8
pppd-398çˆ±ç†,https://t17.cdn2020.com:12341/video/m3u8/2022/04/07/bd518e5c/index.m3u8
sdde-327å¤§æ§»,https://t15.cdn2020.com:12339/video/m3u8/2022/01/10/a01711a2/index.m3u8
kawd-426å¤§æ§»,https://t11.cdn2020.com:12336/video/m3u8/2021/09/02/b610be7c/index.m3u8
mdb-725å¤§æ§»,https://t17.cdn2020.com:12341/video/m3u8/2022/03/18/25d292d3/index.m3u8
ssni-347æ¢¦ä¹ƒ,https://t17.cdn2020.com:12341/video/m3u8/2022/04/06/3129edd7/index.m3u8
cjod-312å¤§æ§»,https://t11.cdn2020.com:12336/video/m3u8/2021/10/02/d7e5683b/index.m3u8
mrss-076å¤§æ§»,https://t6s.cdn2020.com/video/m3u8/2021/03/05/51a4ccfe/index.m3u8
wanz-056å¤§æ§»,https://t6s.cdn2020.com/video/m3u8/2021/02/21/cc26ed57/index.m3u8
miae-053å§«å·,https://t17.cdn2020.com:12341/video/m3u8/2022/04/05/77be11c6/index.m3u8
sero-279å¤§æ§»,https://t6s.cdn2020.com/video/m3u8/2021/01/18/96cf4383/index.m3u8
ksbj-184å°æ¢…,https://t17.cdn2020.com:12341/video/m3u8/2022/04/05/d6b87fbc/index.m3u8
mxgs-992å¤§æ§»,https://t17.cdn2020.com:12341/video/m3u8/2022/04/06/72dedc7b/index.m3u8
æ˜Ÿå¥ˆé…±1,https://t17.cdn2020.com:12341/video/m3u8/2022/04/07/f800f6f6/index.m3u8
nsfs-071ä¸ƒç€¬,https://t17.cdn2020.com:12341/video/m3u8/2022/04/06/f6d81e3e/index.m3u8
cjod-253ä¹…ç•™æœ¨ç²,https://t4s.cdn2020.com/video/m3u8/2020/09/11/59068c8e/index.m3u8
mide-823ä¸ƒæ²¢,https://t4s.cdn2020.com/video/m3u8/2020/09/25/a9d9c14d/index.m3u8
stars-267ç™½å·,https://t5s.cdn2020.com/video/m3u8/2020/10/30/2e46bd4e/index.m3u8
jux-077 ç«¹å†…çº±é‡Œå¥ˆ,https://t5s.cdn2020.com/video/m3u8/2020/11/18/87c5239c/index.m3u8
rbd-588ç«¹å†…çº±é‡Œå¥ˆ,https://t5s.cdn2020.com/video/m3u8/2020/10/16/487f9234/index.m3u8
adn-016ç«¹å†…çº±é‡Œå¥ˆ,https://t4s.cdn2020.com/video/m3u8/2020/10/11/75eb8a6b/index.m3u8
fsdss-081å‹ç”°å½©ä¹Ÿé¦™,https://t4s.cdn2020.com/video/m3u8/2020/09/22/cee4dca2/index.m3u8
ipz-774ç™½å·éº»è¡£,https://t6s.cdn2020.com/video/m3u8/2021/02/03/8ff2f979/index.m3u8
ssni-886ä¸‰å®«,https://t5s.cdn2020.com/video/m3u8/2020/10/21/d03cadbe/index.m3u8
ssni-959ä¸‰å®«,https://t6s.cdn2020.com/video/m3u8/2021/01/26/d3b0301f/index.m3u8
fsdss-124å‹ç”°å½©ä¹Ÿé¦™,https://t5s.cdn2020.com/video/m3u8/2020/12/04/ce5b0ba0/index.m3u8
stars-190æ°¸é‡,https://t6s.cdn2020.com/video/m3u8/2021/02/14/a66b7262/index.m3u8
fsdss-137å‹ç”°å½©ä¹Ÿé¦™,https://t6s.cdn2020.com/video/m3u8/2020/12/29/7b183d40/index.m3u8
stars-266æ°¸é‡,https://t6s.cdn2020.com/video/m3u8/2021/03/10/1e9063a3/index.m3u8
adn-022æ˜¥åŸæœªæ¥,https://t11.cdn2020.com:12336/video/m3u8/2021/09/19/b2ce701f/index.m3u8
ipx-733åˆå·,https://t11.cdn2020.com:12336/video/m3u8/2021/09/19/76dbf65a/index.m3u8
dv-1510å°å²›,https://t6s.cdn2020.com/video/m3u8/2021/02/26/4800668d/index.m3u8
adn-027æ‘ä¸Šé‡Œæ²™,https://t11.cdn2020.com:12336/video/m3u8/2021/09/19/b671b544/index.m3u8
ipx-732ç›¸æ²¢,https://t11.cdn2020.com:12336/video/m3u8/2021/09/19/af8f9039/index.m3u8
dv-1437å°å²›,https://t7.cdn2020.com/video/m3u8/2021/07/16/8a971043/index.m3u8
ipx-719 è—¤äº•,https://t11.cdn2020.com:12336/video/m3u8/2021/09/19/b7f78c3a/index.m3u8
jul-705åŒ—æ¡éº»å¦ƒ,https://t11.cdn2020.com:12336/video/m3u8/2021/09/19/2adffa26/index.m3u8
miae-262æ³¢å¤šé‡ç»“è¡£,https://t7.cdn2020.com/video/m3u8/2021/05/14/e8ce774a/index.m3u8
dasd-709æ³¢å¤šé‡ç»“è¡£,https://t4s.cdn2020.com/video/m3u8/2020/08/17/b7381dca/index.m3u8
saba-709å¤ªå¼º,https://t11.cdn2020.com:12336/video/m3u8/2021/09/14/a4e25e99/index.m3u8
adn-023ä¸œå‡›,https://t11.cdn2020.com:12336/video/m3u8/2021/09/19/e73b034b/index.m3u8
vagu-087åŒ—æ¡éº»å¦ƒ,https://t4s.cdn2020.com/video/m3u8/2020/08/03/09448c29/index.m3u8
ipx-697ç›¸æ²¢,https://t11.cdn2020.com:12336/video/m3u8/2021/09/27/089e730f/index.m3u8
cjod-274å…«ä¹ƒ,https://t6s.cdn2020.com/video/m3u8/2021/01/06/204cd478/index.m3u8
pred-341é¦™æ¤èŠ±ä¹ƒ,https://t11.cdn2020.com:12336/video/m3u8/2021/09/28/d783da33/index.m3u8
hnds-060å¤§æ§»,https://t4s.cdn2020.com/video/m3u8/2020/08/03/6df15852/index.m3u8
sden-004å¤§æ§»,https://t7.cdn2020.com/video/m3u8/2021/04/19/b895431b/index.m3u8
jufe-197å±±æœ¬è²åŠ ,https://t4s.cdn2020.com/video/m3u8/2020/10/05/bb8777b0/index.m3u8
fsdss-271æ°¸ç€¬,https://t11.cdn2020.com:12336/video/m3u8/2021/09/05/d4495567/index.m3u8
fsdss-286æ°¸ç€¬,https://t11.cdn2020.com:12336/video/m3u8/2021/09/23/56fdf740/index.m3u8
ipx-520å¸Œå²›,https://t4s.cdn2020.com/video/m3u8/2020/08/17/0ee04bd4/index.m3u8
jul-437ç™½æœ¨ä¼˜å­,https://t6s.cdn2020.com/video/m3u8/2021/01/24/14885f4a/index.m3u8
adn-010ç™½ä¼˜å­,https://t11.cdn2020.com:12336/video/m3u8/2021/09/09/f746fd21/index.m3u8
ipz-826è¾‰æœˆ,https://t7.cdn2020.com/video/m3u8/2021/05/09/dd65323c/index.m3u8
jul-708æ­¦è—¤,https://t11.cdn2020.com:12336/video/m3u8/2021/09/23/cbcb233a/index.m3u8
nsps-982æ­¦è—¤,https://t7.cdn2020.com/video/m3u8/2021/07/07/d99a6e28/index.m3u8
cjod-263æ¢æœ¨æœ¨,https://t5s.cdn2020.com/video/m3u8/2020/11/03/1a81c7fd/index.m3u8
miae-071è¾‰æœˆ,https://t7.cdn2020.com/video/m3u8/2021/03/25/92710e21/index.m3u8
cjod-264æ°´å·,https://t5s.cdn2020.com/video/m3u8/2020/11/11/8cb8592b/index.m3u8
cawd-170é•¿è°·å·æŸšæœˆ,https://t6s.cdn2020.com/video/m3u8/2021/02/08/1f03fb76/index.m3u8
ipx-728è¥¿å®«,https://t11.cdn2020.com:12336/video/m3u8/2021/09/23/5186de75/index.m3u8
cawd-166ç´çŸ³,https://t6s.cdn2020.com/video/m3u8/2021/02/08/8c1feeaa/index.m3u8
cawd-230åŒ—åŸå¸Œ,https://t7.cdn2020.com/video/m3u8/2021/07/01/6a9344e5/index.m3u8
cawd-125ä¹…ç•™æœ¨ç²,https://t4s.cdn2020.com/video/m3u8/2020/09/30/bd06d702/index.m3u8
cawd-237è¶Šæ™º,https://t7.cdn2020.com/video/m3u8/2021/07/01/63dcd3f4/index.m3u8
cawd-086æ¾æœ¬ç™½çŸ³,https://t4s.cdn2020.com/video/m3u8/2020/08/08/e89767f1/index.m3u8
miaa-344ä¸ƒæµ·,https://t5s.cdn2020.com/video/m3u8/2020/11/21/f5942df2/index.m3u8
cawd-250æŸšå¶,https://t11.cdn2020.com:12336/video/m3u8/2021/09/12/898145ff/index.m3u8
fsdss-084ä¸ƒæµ·,https://t4s.cdn2020.com/video/m3u8/2020/09/23/96da38fd/index.m3u8
dldss-029ä¸ƒæµ·,https://t11.cdn2020.com:12336/video/m3u8/2021/09/25/3bd04243/index.m3u8
fsdss-129ä¸ƒæµ·,https://t5s.cdn2020.com/video/m3u8/2020/12/08/9b8d568c/index.m3u8
wanz-982AIKAä¸ƒæµ·,https://t4s.cdn2020.com/video/m3u8/2020/09/19/88a76f2c/index.m3u8
hnd-943ä¸ƒæµ·,https://t6s.cdn2020.com/video/m3u8/2021/02/13/def48547/index.m3u8
stars-268å¤ç›®å“,https://t5s.cdn2020.com/video/m3u8/2020/11/15/3d807364/index.m3u8
atid-321å¦ƒæœˆ,https://t5s.cdn2020.com/video/m3u8/2020/11/06/af027f1e/index.m3u8
abp-873è—¤æ±Ÿå²å¸†,https://t11.cdn2020.com:12336/video/m3u8/2021/09/04/974f8f3e/index.m3u8
miaa-316å›å²›,https://t11.cdn2020.com:12336/video/m3u8/2021/08/29/a88894f1/index.m3u8
dasd-786å›å²›,https://t6s.cdn2020.com/video/m3u8/2021/01/06/1b835172/index.m3u8
waaa-007æ°´å·,https://t5s.cdn2020.com/video/m3u8/2020/11/12/54b03806/index.m3u8
mkmp-335ä¸ƒç€¬,https://t6s.cdn2020.com/video/m3u8/2021/02/19/4fd52b3a/index.m3u8
bijn-132æ°´å·,https://t6s.cdn2020.com/video/m3u8/2021/02/08/da5e623c/index.m3u8
abp-599æ°´ç¨€,https://t11.cdn2020.com:12336/video/m3u8/2021/08/31/41ebaa47/index.m3u8
jul-706ä¸ƒç€¬,https://t11.cdn2020.com:12336/video/m3u8/2021/09/23/16c55f00/index.m3u8
miad-981 æµ…ç”°ç»“æ¢¨,https://t7.cdn2020.com/video/m3u8/2021/03/18/7f08ec90/index.m3u8
ssni-828æ¢¦ä¹ƒ,https://t4s.cdn2020.com/video/m3u8/2020/08/06/b199dd1a/index.m3u8
mide-836æ—¥ä¸‹åŠ å¥ˆ,https://t5s.cdn2020.com/video/m3u8/2020/10/17/c990ab4e/index.m3u8
adn-345æ—¥ä¸‹åŠ å¥ˆ,https://t11.cdn2020.com:12336/video/m3u8/2021/09/21/a184bb13/index.m3u8
juy-278ä¸­æ‘çŸ¥æµ,https://t11.cdn2020.com:12336/video/m3u8/2021/09/07/2fcd7c82/index.m3u8
wanz-360å‰æ°¸,https://t11.cdn2020.com:12336/video/m3u8/2021/09/19/3a24c0c9/index.m3u8
jufd-559ä¸­æ‘çŸ¥æµ,https://t11.cdn2020.com:12336/video/m3u8/2021/10/01/accc82fc/index.m3u8
pppd-412å‰æ°¸,https://t11.cdn2020.com:12336/video/m3u8/2021/09/17/2dea29ea/index.m3u8
jufd-549ä¸­æ‘çŸ¥æµ,https://t11.cdn2020.com:12336/video/m3u8/2021/10/01/c0818937/index.m3u8
jufd-619ä¸­æ‘çŸ¥æµ,https://t11.cdn2020.com:12336/video/m3u8/2021/09/27/506a54ce/index.m3u8
pppd-987å¸Œå’²,https://t15.cdn2020.com:12339/video/m3u8/2021/12/28/ac03a6b7/index.m3u8
pppd-984ç€¬å,https://t15.cdn2020.com:12339/video/m3u8/2021/12/29/c67d6ebc/index.m3u8
atid-479æ¡œé¦™ç¾ç¾½,https://t11.cdn2020.com:12336/video/m3u8/2021/09/11/78a0ddbf/index.m3u8
pppd-992å·åŒ—,https://t15.cdn2020.com:12339/video/m3u8/2021/12/29/bd10597d/index.m3u8
pppd-868ä¸­é‡ä¸ƒç»ª,https://t4s.cdn2020.com/video/m3u8/2020/09/28/72b124e4/index.m3u8
pppd-296 æ¢æœ¨æœ¨,https://t5s.cdn2020.com/video/m3u8/2020/11/14/bfc42e55/index.m3u8
pppd-961ä¹ƒæœ¨è›,https://t11.cdn2020.com:12336/video/m3u8/2021/09/25/0513f0a5/index.m3u8
pppd-901èˆå¥ˆ,https://t6s.cdn2020.com/video/m3u8/2021/03/05/9512302b/index.m3u8
pppd-852ä»Šäº•å¤å¸†,https://t5s.cdn2020.com/video/m3u8/2020/10/21/d410578f/index.m3u8
pppd-859ä¸­é‡ä¸ƒç»ª,https://t4s.cdn2020.com/video/m3u8/2020/08/06/dbebb9ec/index.m3u8
pppd-821å‰æ ¹,https://t5s.cdn2020.com/video/m3u8/2020/10/21/04d5b3c3/index.m3u8
pred-365é¦™æ¤èŠ±ä¹ƒ,https://t15.cdn2020.com:12339/video/m3u8/2021/12/30/890dc248/index.m3u8
$SPRD-1488æ˜¥èœèŠ±,https://siwazywcdn2.com:5278/zhongwenzimu/xrAsUhKq/index.m3u8
royd-072åˆå·,https://t15.cdn2020.com:12339/video/m3u8/2022/01/10/ab4bbfd6/index.m3u8
adn-363å¸Œå²›,https://t15.cdn2020.com:12339/video/m3u8/2022/01/10/59272dbc/index.m3u8
ssis-272æ¢¦ä¹ƒ,https://t15.cdn2020.com:12339/video/m3u8/2022/01/07/1af30b10/index.m3u8
$ssis-229äºŒåå››å°æ—¶,https://siwazywcdn2.com:5278/zhongwenzimu/6nucYdhN/index.m3u8
pred-360å±±å²¸é€¢èŠ±,https://t15.cdn2020.com:12339/video/m3u8/2021/12/30/4de45ea3/index.m3u8
$SPRD-1481å¤å·,https://siwazywcdn2.com:5278/zhongwenzimu/1Wc2gtfN/index.m3u8
$IPX-752å°é‡ç´å¼“,https://siwazywcdn2.com:5278/zhongwenzimu/9QLcSglR/index.m3u8
mds-898ç™½å·,https://t15.cdn2020.com:12339/video/m3u8/2022/01/07/9ad88dbe/index.m3u8
$HODV-21620æ²™æœˆèŠ½è¡£,https://siwazywcdn2.com:5278/zhongwenzimu/Qd8ozBGa/index.m3u8
jul-802ç™½çŸ³èŒ‰è‰å¥ˆ,https://t15.cdn2020.com:12339/video/m3u8/2022/01/03/f1e3aa7e/index.m3u8
$HMN-072ä»“æœ¬å ‡,https://siwazywcdn2.com:5278/zhongwenzimu/YES5A9zl/index.m3u8
ipx-802ç¨²æ£®ç¾å¿§,https://t15.cdn2020.com:12339/video/m3u8/2022/01/16/dee6f0d1/index.m3u8
ipx-796å¤©æµ·,https://t15.cdn2020.com:12339/video/m3u8/2022/01/16/de528a09/index.m3u8
miaa-557æ°´åŸå°æ¢…,https://t15.cdn2020.com:12339/video/m3u8/2022/01/13/16906795/index.m3u8
dldss-040ç¾ä¹ƒ,https://t15.cdn2020.com:12339/video/m3u8/2022/01/13/2919cb1f/index.m3u8
hmn-093åˆå·,https://t15.cdn2020.com:12339/video/m3u8/2022/01/06/4cd75094/index.m3u8
nacr-460å¤©é©¬,https://t15.cdn2020.com:12339/video/m3u8/2022/01/17/da6cdc85/index.m3u8
ipx-788ä¹ƒé›ª,https://t15.cdn2020.com:12339/video/m3u8/2022/01/16/3bd7bb75/index.m3u8
ipx-797è¥¿å®«,https://t15.cdn2020.com:12339/video/m3u8/2022/01/16/ffec0fe1/index.m3u8
fsdss-348æ°¸ç€¬,https://t15.cdn2020.com:12339/video/m3u8/2022/01/13/a3268549/index.m3u8
EBOD-829åŒ—é‡æœªå¥ˆ,https://siwazywcdn2.com:5278/zhongwenzimu/6MnoNVIC/index.m3u8
cawd-325æ¥ æœ‰æ –,https://t15.cdn2020.com:12339/video/m3u8/2022/01/13/1ec20ce8/index.m3u8
ipx-778æ¡ƒä¹ƒæœ¨,https://t15.cdn2020.com:12339/video/m3u8/2022/01/11/0685df9f/index.m3u8
hnd-642æ¾æ°¸,https://t6s.cdn2020.com/video/m3u8/2021/01/24/d3b7d809/index.m3u8
ipx-793åŠ æå¥ˆ,https://t15.cdn2020.com:12339/video/m3u8/2022/01/16/0db9891e/index.m3u8
cawd-330å¤§å²›,https://t15.cdn2020.com:12339/video/m3u8/2022/01/13/3d5ddc98/index.m3u8
jufe-358å·åŒ—,https://t15.cdn2020.com:12339/video/m3u8/2022/01/13/09838e16/index.m3u8
ipx-801ç›¸æ²¢,https://t15.cdn2020.com:12339/video/m3u8/2022/01/16/8ab23c46/index.m3u8
stars-419çœŸç™½ç¾ç”Ÿ,https://t15.cdn2020.com:12339/video/m3u8/2022/01/24/cd8af00a/index.m3u8
svdvd-739èœœæœˆæ—…è¡Œ,https://t15.cdn2020.com:12339/video/m3u8/2022/01/23/6187d575/index.m3u8
stars-498é’ç©º,https://t15.cdn2020.com:12339/video/m3u8/2022/01/23/1c267124/index.m3u8
ambi-148ç»€é‡,https://t15.cdn2020.com:12339/video/m3u8/2022/01/24/ee9f9338/index.m3u8
sdjs-124ä¸­å±±ç´å¶,https://t15.cdn2020.com:12339/video/m3u8/2022/01/19/90eacde2/index.m3u8
sd-956ç¾è°·æœ±é‡Œ,https://t15.cdn2020.com:12339/video/m3u8/2022/01/21/2733d440/index.m3u8
ğŸ”´IPX-511,https://siwazywcdn2.com:5278/ribenyouma/NkRh5zW8/index.m3u8
ğŸ”´IPX-699,https://siwazywcdn2.com:5278/zhongwenzimu/yR9JoPbl/index.m3u8
ğŸ”´IPX-700,https://siwazywcdn2.com:5278/zhongwenzimu/uaBLxknS/index.m3u8
ğŸ”´IPX-701,https://siwazywcdn2.com:5278/zhongwenzimu/qkcej1Ao/index.m3u8
ğŸ”´IPX-703,https://siwazywcdn2.com:5278/zhongwenzimu/w1zPu4Mb/index.m3u8
ğŸ”´IPX-704,https://siwazywcdn2.com:5278/zhongwenzimu/BDNp46Kc/index.m3u8
ğŸ”´IPX-707,https://siwazywcdn2.com:5278/zhongwenzimu/CXTzxYmt/index.m3u8
ğŸ”´IPX-711,https://siwazywcdn2.com:5278/zhongwenzimu/bRVNZ7fJ/index.m3u8
ğŸ”´IPX-730,https://siwazywcdn2.com:5278/zhongwenzimu/RkemoLfB/index.m3u8
ğŸ”´IPX-737,https://siwazywcdn2.com:5278/zhongwenzimu/WH83wpxq/index.m3u8
ğŸ”´IPX-746,https://siwazywcdn2.com:5278/zhongwenzimu/k8LPdH4g/index.m3u8
ğŸ”´IPX-779,https://siwazywcdn2.com:5278/zhongwenzimu/G5mgSMOb/index.m3u8
ğŸŸ HBAD-553,https://siwazywcdn2.com:5278/zhongwenzimu/A2flHM39/index.m3u8
ğŸŸ HBAD-601,https://siwazywcdn2.com:5278/zhongwenzimu/BtK41goC/index.m3u8
ğŸŸ¡JUFE-104,https://siwazywcdn2.com:5278//zhongwenzimu/4TrvxJeg/index.m3u8
$FOCS-016å·¥è—¤æ‹‰æ‹‰,https://siwazywcdn2.com:5278/zhongwenzimu/6akEMW0r/index.m3u8
$ssis-154æ½®ç¾èˆ,https://siwazywcdn2.com:5278/zhongwenzimu/6u9pqtQa/index.m3u8
$ssis-169miru,https://siwazywcdn2.com:5278/zhongwenzimu/tyv0dmpK/index.m3u8
$SSNI-658A,https://siwazywcdn2.com:5278/zhongkouwei/nwba4LUx/index.m3u8
$SSNI-658B,https://siwazywcdn2.com:5278/zhongkouwei/WBdOE3qp/index.m3u8
$WAAA-087å·¥è—¤è‰¯ç½—,https://siwazywcdn2.com:5278/zhongwenzimu/0SuepbFL/index.m3u8
$YMDD-242å§å§å¤–é€æœåŠ¡,https://siwazywcdn2.com:5278/zhongwenzimu/8BkwmXoq/index.m3u8
å®‰æ–‹,https://siwazywcdn2.com:5278/zhongwenzimu/67nNClKY/index.m3u8
ç™½å‚,https://siwazywcdn2.com:5278/zhongwenzimu/ZvI159J8/index.m3u8
ç™¾æ°¸çº±ç†å¥ˆ,https://siwazywcdn2.com:5278/zhongwenzimu/5PzEAi0h/index.m3u8
åŒ—æ¡éº»å¦ƒ,https://siwazywcdn2.com:5278/ribenyouma/ifoWasV0/index.m3u8
æœä»“å¿ƒå¥ˆ,https://siwazywcdn2.com:5278/zhongwenzimu/s37zUgZc/index.m3u8
è€³è¾¹ç»†è¯­,https://siwazywcdn2.com:5278/zhongwenzimu/07fs3XqF/index.m3u8
å¯Œå®‰ç²å¥ˆ1,https://siwazywcdn2.com:5278/zhongwenzimu/ajb5pZPv/index.m3u8
å €æ²¢èŒ‰ç”±,https://siwazywcdn2.com:5278/zhongwenzimu/l2xA1LQ3/index.m3u8
è‘µç²å¥ˆ,https://siwazywcdn2.com:5278/zhongwenzimu/9dPeqLUm/index.m3u8
è“èŠ½æ°´æœˆ,https://siwazywcdn2.com:5278/zhongwenzimu/tvPG3Usr/index.m3u8
ä¸ƒæ£®è‰è‰,https://siwazywcdn2.com:5278/zhongwenzimu/iBnUl1JO/index.m3u8
è¥¿å®«,https://siwazywcdn2.com:5278/zhongwenzimu/1BvNA3kM/index.m3u8
é›ªéŸ³,https://siwazywcdn2.com:5278/zhongwenzimu/23fVU6wT/index.m3u8
å¶æœˆæ¢¨ä¹ƒ,https://siwazywcdn2.com:5278/ribenyouma/6F2acdoY/index.m3u8
ä¼Šè´º,https://siwazywcdn2.com:5278/zhongwenzimu/JQqxo1Zs/index.m3u8
æ¨±ç©º1,https://siwazywcdn2.com:5278/zhongwenzimu/HxS8J3j9/index.m3u8
æ¸šå…‰å¸Œ,https://siwazywcdn2.com:5278/zhongwenzimu/wytelYxW/index.m3u8
ABP-981å±±å¥¥,https://siwazywcdn2.com:5278/zhongwenzimu/yUJdhNRX/index.m3u8
adn-261ç´äº•,https://t4s.cdn2020.com/video/m3u8/2020/09/21/331d66d8/index.m3u8
adn-278ç´äº•,https://t5s.cdn2020.com/video/m3u8/2020/12/13/4088f13e/index.m3u8
adn-287ç´äº•,https://t6s.cdn2020.com/video/m3u8/2021/01/20/d861eedd/index.m3u8
akid-093å”æ¯,https://t17.cdn2020.com:12341/video/m3u8/2022/03/30/3b67665d/index.m3u8
bijn-206æ¸š,https://t15.cdn2020.com:12339/video/m3u8/2022/01/06/7588319a/index.m3u8
blk-552æ€œå²š,https://t15.cdn2020.com:12339/video/m3u8/2022/01/30/0430469f/index.m3u8
CAWD-092çš†å·ä¼˜å¥ˆ,https://siwazywcdn2.com:5278/zhongwenzimu/5JDoELrc/index.m3u8
cjod-337åŒ—é‡æœªæ¥,https://t17.cdn2020.com:12341/video/m3u8/2022/03/30/62ba7305/index.m3u8
DASD-819ç™½åŸ,https://siwazywcdn2.com:5278/zhongwenzimu/9EXSkId8/index.m3u8
dasd-955æµœå´çœŸç»ª æœ‰æ‘,https://t15.cdn2020.com:12339/video/m3u8/2022/01/21/72323988/index.m3u8
dasd-978ç¾è°·æœ±é‡Œ,https://t17.cdn2020.com:12341/video/m3u8/2022/03/30/06a24283/index.m3u8
dldss-022å‹ç”°å½©ä¹Ÿé¦™,https://t11.cdn2020.com:12336/video/m3u8/2021/08/28/08e6fd70/index.m3u8
dldss-027å‹ç”°å½©ä¹Ÿé¦™,https://t11.cdn2020.com:12336/video/m3u8/2021/09/25/1979e014/index.m3u8
dldss-042å‹ç”°å½©ä¹Ÿé¦™,https://t15.cdn2020.com:12339/video/m3u8/2021/12/27/28ae6486/index.m3u8
dopp-013åŒ—æ¡éº»å¦ƒåŠ è—¤,https://t5s.cdn2020.com/video/m3u8/2020/11/14/93c46206/index.m3u8
ebod-888ç¾å®¹éƒ¨å‘˜,https://t15.cdn2020.com:12339/video/m3u8/2022/01/30/f0a24d35/index.m3u8
FSDSS-039ç¾ä¹ƒ,https://siwazywcdn2.com:5278/zhongwenzimu/30HRcubp/index.m3u8
fsdss-065ç¾ä¹ƒ,https://t4s.cdn2020.com/video/m3u8/2020/07/27/1620a218/index.m3u8
fsdss-071æ¤å,https://t4s.cdn2020.com/video/m3u8/2020/08/18/ddcb72c8/index.m3u8
fsdss-096æ¤å,https://t4s.cdn2020.com/video/m3u8/2020/09/28/9451ecb4/index.m3u8
fsdss-112ç¾ä¹ƒ,https://t5s.cdn2020.com/video/m3u8/2020/11/05/85f5e190/index.m3u8
fsdss-136æ¤å,https://t6s.cdn2020.com/video/m3u8/2020/12/29/1e145d76/index.m3u8
FSDSS-179ä¸‰æµ¦ä¹ƒçˆ±,https://siwazywcdn2.com:5278/zhongwenzimu/uS0fPCmg/index.m3u8
fsdss-373å¤©ä½¿,https://t17.cdn2020.com:12341/video/m3u8/2022/03/30/8c9db0f8/index.m3u8
fsdss-376æ¡¥æœ¬,https://t17.cdn2020.com:12341/video/m3u8/2022/03/30/c3777d68/index.m3u8
gvg-157é€¢æ²¢,https://t15.cdn2020.com:12339/video/m3u8/2022/01/30/284266a6/index.m3u8
gvg-676æ³¢å¤šé‡ç»“è¡£,https://t15.cdn2020.com:12339/video/m3u8/2022/01/30/5920248d/index.m3u8
gvg-809ç»€é‡,https://t15.cdn2020.com:12339/video/m3u8/2022/01/30/96effcf0/index.m3u8
havd-554å·ä¸Šæ°´æ²¢,https://t15.cdn2020.com:12339/video/m3u8/2022/01/30/4a6ce325/index.m3u8
havd-778æ —æ—é‡Œè‰,https://t15.cdn2020.com:12339/video/m3u8/2022/01/31/9fa6df91/index.m3u8
havd-802ç®¡é‡,https://t15.cdn2020.com:12339/video/m3u8/2022/01/27/241e4558/index.m3u8
havd-816å’Œå¸Œ,https://t15.cdn2020.com:12339/video/m3u8/2022/01/27/1883b6a0/index.m3u8
hbad-148è¥¿é‡,https://t15.cdn2020.com:12339/video/m3u8/2022/01/27/535a2f48/index.m3u8
hnd-277æ¿é‡,https://t15.cdn2020.com:12339/video/m3u8/2022/01/27/01596a03/index.m3u8
HND-774å¸‚å·èŠ±éŸ³,https://siwazywcdn2.com:5278/zhongwenzimu/uYyvOsg1/index.m3u8
ienf-183æ²™æœˆæµå¥ˆ,https://t15.cdn2020.com:12339/video/m3u8/2022/01/20/cedc6150/index.m3u8
IPX-783å¸Œå²›,https://siwazywcdn2.com:5278/zhongwenzimu/OQk3LPAH/index.m3u8
ipx-832æ¡œç©º,https://t17.cdn2020.com:12341/video/m3u8/2022/03/30/f96d5171/index.m3u8
jul-901å¥¥ç¾é¥,https://t17.cdn2020.com:12341/video/m3u8/2022/03/30/5c4dcd87/index.m3u8
mdte-020æ¨ªå®«ä¸ƒæµ·,https://t17.cdn2020.com:12341/video/m3u8/2022/03/30/0d78d5b9/index.m3u8
mdtm-562æ¸š,https://t11.cdn2020.com:12336/video/m3u8/2021/09/08/118fed33/index.m3u8
mdtm-753ç›¸éƒ¨å±‹,https://t17.cdn2020.com:12341/video/m3u8/2022/03/30/4a21555c/index.m3u8
MEYD-647å·ä¸Šå¥ˆå¥ˆç¾,https://siwazywcdn2.com:5278/zhongwenzimu/3YPtObjx/index.m3u8
MIAA-247,https://siwazywcdn2.com:5278//zhongwenzimu/TZb8hicm/index.m3u8
MIAA-290,https://siwazywcdn2.com:5278/zhongwenzimu/qupHU49O/index.m3u8
MIAA-293,https://siwazywcdn2.com:5278/zhongwenzimu/J9Nj7VIB/index.m3u8
MIAA-320,https://siwazywcdn2.com:5278//zhongwenzimu/4idREMlz/index.m3u8
MIAA-489,https://siwazywcdn2.com:5278/zhongwenzimu/cRtCJ3WS/index.m3u8
MIAA-501,https://siwazywcdn2.com:5278/zhongwenzimu/yfO8rAFc/index.m3u8
MIAA-526,https://siwazywcdn2.com:5278/zhongwenzimu/zVRyg8mh/index.m3u8
miaa-561æ°´å·,https://t15.cdn2020.com:12339/video/m3u8/2022/01/30/83e57fcd/index.m3u8
miaa-567æœˆä¹ƒ,https://t15.cdn2020.com:12339/video/m3u8/2022/01/30/3980ed8c/index.m3u8
miaa-569æ²™æœˆæµå¥ˆ,https://t15.cdn2020.com:12339/video/m3u8/2022/01/30/b9f4d487/index.m3u8
miad-847å¤§å²›ç¾ç»ª,https://t15.cdn2020.com:12339/video/m3u8/2022/02/02/a523ea63/index.m3u8
mmus-034æ¸š,https://t15.cdn2020.com:12339/video/m3u8/2022/02/02/d12cbf8f/index.m3u8
NACR-389 ç„è‘µè‘µæœ¨,https://siwazywcdn2.com:5278/zhongwenzimu/H5o3ZdkB/index.m3u8
pppe-008æ°´å·,https://t17.cdn2020.com:12341/video/m3u8/2022/03/30/d80590bf/index.m3u8
PRED-244é¦™æ¤èŠ±ä¹ƒ,https://siwazywcdn2.com:5278/zhongwenzimu/NkXpBtx1/index.m3u8
rbd-223ç®¡é‡,https://t11.cdn2020.com:12336/video/m3u8/2021/09/27/9b65972c/index.m3u8
roe-032æ°´é‡ä¼˜é¦™,https://t15.cdn2020.com:12339/video/m3u8/2022/02/02/335cd318/index.m3u8
SCOP-697,https://siwazywcdn2.com:5278/zhongwenzimu/59LHYbi4/index.m3u8
sdde-381å§Šå¼Ÿæµœå´çœŸç»ª,https://t15.cdn2020.com:12339/video/m3u8/2022/01/10/cc697acb/index.m3u8
shkd-982æ²™æœˆæµå¥ˆ,https://t15.cdn2020.com:12339/video/m3u8/2022/01/15/832dd619/index.m3u8
sprd-1501é’å±±å‡‰é¦™,https://t15.cdn2020.com:12339/video/m3u8/2022/02/02/f4aea001/index.m3u8
ssis-273æ¶ä¹ƒ,https://t15.cdn2020.com:12339/video/m3u8/2022/01/23/7492e618/index.m3u8
ssis-285å±±æ‰‹æ¢¨çˆ±,https://t15.cdn2020.com:12339/video/m3u8/2022/01/23/e94594fb/index.m3u8
ssis-287ä¸‰ä¸Šæ‚ äºœ,https://t15.cdn2020.com:12339/video/m3u8/2022/01/23/0d2ad410/index.m3u8
ssis-299çˆ±å®,https://t15.cdn2020.com:12339/video/m3u8/2022/01/23/2b09cb68/index.m3u8
ssni-576ç´äº•,https://t6s.cdn2020.com/video/m3u8/2021/02/25/82dff29e/index.m3u8
ssni-778å„¿ç‰ç²å¥ˆ,https://siwazywcdn2.com:5278/zhongwenzimu/6Lwmk5xH/index.m3u8
ssni-779ä¹™ç™½æ²™ä¹Ÿ,https://siwazywcdn2.com:5278/zhongwenzimu/GrWsQLH1/index.m3u8
ssni-783,https://siwazywcdn2.com:5278/zhongwenzimu/RyFetHz5/index.m3u8
ssni-808é¹°å°¾èŠ½è¡£,https://siwazywcdn2.com:5278/zhongwenzimu/L9kmreDA/index.m3u8
ssni-824å„¿ç‰ç²å¥ˆ,https://siwazywcdn2.com:5278/zhongwenzimu/XNlqgRve/index.m3u8
ssni-832,https://siwazywcdn2.com:5278/zhongwenzimu/WMkiBKyw/index.m3u8
ssni-927å±±å´æ°´çˆ±,https://siwazywcdn2.com:5278/zhongwenzimu/sGaJ3TAK/index.m3u8
ssni-985ä¸ƒæ£®è‰è‰,https://siwazywcdn2.com:5278/zhongwenzimu/ob12qUCg/index.m3u8
ssni-989,https://siwazywcdn2.com:5278/zhongwenzimu/qiSH8T3J/index.m3u8
stars-265æœ¬åº„é“ƒ,https://t4s.cdn2020.com/video/m3u8/2020/10/14/c8e82dca/index.m3u8
STARS-266æ°¸é‡,https://siwazywcdn2.com:5278/zhongwenzimu/nT7jF5hV/index.m3u8
stars-318ç™½å·,https://t6s.cdn2020.com/video/m3u8/2021/02/14/a2a8a655/index.m3u8
stars-330æœ¬åº„é“ƒ,https://t7.cdn2020.com/video/m3u8/2021/04/08/0d25a975/index.m3u8
ure-076åˆå·,https://t15.cdn2020.com:12339/video/m3u8/2022/01/31/15b8c0eb/index.m3u8
venx-069ç›¸é©¬èŒœ,https://t15.cdn2020.com:12339/video/m3u8/2022/01/30/040e9f76/index.m3u8
venx-102ç›¸é©¬èŒœ,https://t15.cdn2020.com:12339/video/m3u8/2022/01/27/f5166646/index.m3u8
xvsr-610æ³¢å¤šé‡ç»“è¡£,https://t15.cdn2020.com:12339/video/m3u8/2022/02/02/ee9c2367/index.m3u8
xvsr-612æ¸¡è¾º,https://t15.cdn2020.com:12339/video/m3u8/2022/02/02/edecc33f/index.m3u8
xvsr-632é€¢è§,https://t15.cdn2020.com:12339/video/m3u8/2022/01/27/b90fc686/index.m3u8
ymdd-240ç™½å·,https://t15.cdn2020.com:12339/video/m3u8/2022/01/30/ba7e3a25/index.m3u8
ysn-565æ¸š,https://t15.cdn2020.com:12339/video/m3u8/2022/02/02/0bf471ba/index.m3u8
ysn-566é«˜ç€¬,https://t15.cdn2020.com:12339/video/m3u8/2022/01/27/96dc5cd0/index.m3u8
MLT-002/è¿ç»­è¢«ä¸Šçš„OL,https://ypmnkbb.saejeuj.com/api/app/media/m3u8/av/da/bj/1c/et/399a1a6f21a74a6b9a391b1903ce2f3c.m3u8?
MSD-001/ä¹±ä¼¦è¿·æƒ…è¯,https://ypmnkbb.saejeuj.com/api/app/media/m3u8/av/qi/oi/gz/ux/dbf57474fbed49c9aa3fb97bcd75b891.m3u8?
MSD-003/èœé¸Ÿç‰¹åŠ¡,https://ypmnkbb.saejeuj.com/api/app/media/m3u8/av/kn/99/yw/34/c3ac47258c9f4b7399c6a6543b80b8c1.m3u8?
MSD-008/å‡ºè½¨çš„å¦–è‰³å°‘å¦‡,https://ypmnkbb.saejeuj.com/api/app/media/m3u8/av/hh/y4/uz/4k/251dd61a40324cf19846bc58f1cbff12.m3u8?
MSD-009/é¦™è‰³å§å¦¹æ–°é‚»å±…,https://ypmnkbb.saejeuj.com/api/app/media/m3u8/av/ow/z3/5g/mg/90bb4af29a7c4e3c9d31fa75371c653d.m3u8?
MSD-016/å¼ºå¥¸æ¸©æŸ”å«‚å­,https://ypmnkbb.saejeuj.com/api/app/media/m3u8/av/hk/j4/rf/hb/96198f63d1ff4f68ab0bbc31748df6e7.m3u8?
MSD-020/å¼ºå¥¸æš—æ‹åŒå­¦,https://ypmnkbb.saejeuj.com/api/app/media/m3u8/av/or/7b/8n/36/b5b8ee76c8fb4212854aed70080f7840.m3u8?
MSD-024/æµé‡æ˜æ˜Ÿçš„çˆ±,https://ypmnkbb.saejeuj.com/api/app/media/m3u8/av/qj/qg/c8/1f/a09e527b128740cc8c62f1052016f11d.m3u8?
MSD-025/èµ”ç½ª...æ½œè§„åˆ™,https://ypmnkbb.saejeuj.com/api/app/media/m3u8/av/jy/cn/1d/2q/cf4836c5c81c4fa5825e0687c0ea9fd0.m3u8?
MSD-026/å¥¥è¿è¿·å¦¹å°å°‘å¦‡,https://ypmnkbb.saejeuj.com/api/app/media/m3u8/av/t7/k0/yd/wr/6af067b22d3a4fa293197c746c72c860.m3u8?
MSD-039/çº¦ä¼šå‰å‡ºè½¨èƒŒå›,https://ypmnkbb.saejeuj.com/api/app/media/m3u8/av/d8/4v/90/f4/78344d0527b04d8b8a939d7d0863ac9e.m3u8?
MSD-041/JKä¸»æ’­çš„è¿·å¥¸é¤,https://ypmnkbb.saejeuj.com/api/app/media/m3u8/av/rc/ka/e6/z9/64b8001bb54a44818761fcfdf29b22db.m3u8?
MSD-043/é’æ˜¥ç››å®´,https://ypmnkbb.saejeuj.com/api/app/media/m3u8/av/w8/2g/op/ee/94d65ada2d77477faf2df41469188390.m3u8?
MSD-044/é¡ºä»æ¬²æœ›ä¹‹å¤œ,https://ypmnkbb.saejeuj.com/api/app/media/m3u8/av/71/8s/qb/29/160a6197bc9d4d06aa956077055d9ba7.m3u8?
MSD-047/å¼ºå·ç›¸å¥¸OL,https://ypmnkbb.saejeuj.com/api/app/media/m3u8/av/1i/55/za/e1/0318bfd04ad74137bd253eacd7b28cc0.m3u8?
MSD-057/å°æ¨¡ç‰¹ç§æˆ¿çº¦ç‚®,https://ypmnkbb.saejeuj.com/api/app/media/m3u8/av/g3/gh/zk/yt/a20456ea59ef464b8f2fbc87adf5a680.m3u8?
MSD-058/å‚¬æƒ…è¿·å¹»è¯æ°´,https://ypmnkbb.saejeuj.com/api/app/media/m3u8/av/r6/he/r3/7i/57f718eb5bdd420ca5d26d367107f8d7.m3u8?
MSD-065/åº”é…¬æ½œè§„åˆ™,https://ypmnkbb.saejeuj.com/api/app/media/m3u8/av/51/42/uz/c4/98fb9291181b4f7ab3df9fa22b6ffca6.m3u8?
MSD-068/å¤–çº¦å¯¹è±¡æ˜¯å¼Ÿåª³,https://ypmnkbb.saejeuj.com/api/app/media/m3u8/av/xq/m8/6j/ah/9346d658c3814efbb414c4de599db54e.m3u8?
MSD-072/å‘å°æ¢é”™èº«,https://ypmnkbb.saejeuj.com/api/app/media/m3u8/av/or/6p/qg/6e/bc55c595b94b4759b92cda6aacc71db6.m3u8?
MSD-078/çº¯çˆ±æ‹æ­Œ,https://ypmnkbb.saejeuj.com/api/app/media/m3u8/av/ui/tv/b9/8t/77aff3eec0d24cd9acd60eb998b2f3ce.m3u8?
MSD-081/é»‘é“å¤§å“¥æ“æˆ‘é€¼,https://ypmnkbb.saejeuj.com/api/app/media/m3u8/av/vt/xv/q6/er/368e295dd4a34303bac04a58bea5af53.m3u8?
MSD-087/ä»Šæ™šè€å…¬ä¸åœ¨å®¶,https://ypmnkbb.saejeuj.com/api/app/media/m3u8/av/0j/n8/f6/cl/bcc0bb45102f46b0976a8f405a1229c9.m3u8?
MSD-088/è¡¨å§çš„è¯±æƒ‘,https://ypmnkbb.saejeuj.com/api/app/media/m3u8/av/x9/ag/h0/pi/08093f19f76b428487e20398acc62011.m3u8?
MSD-089/é¬¼ç•œå‰ä»»çš„å¨èƒ,https://ypmnkbb.saejeuj.com/api/app/media/m3u8/av/tx/dr/qe/np/adcb9781dfaa4d6c9145780722df6a44.m3u8?
MSD-090/å…¼èŒç®¡å®¶å©†,https://ypmnkbb.saejeuj.com/api/app/media/m3u8/av/su/vl/xg/f6/b5cb9d3fee2344f3b600a33ddb4c5630.m3u8?
MSD-107/ä¸ˆå¤«å½“å®¶æ˜¯ç‚®æˆ¿,https://ypmnkbb.saejeuj.com/api/app/media/m3u8/av/8c/hz/z5/xc/587c43e791b244559f5b66737d6ca870.m3u8?
MSD-112/æƒ¹ç«ä¸Šé—¨æŒ‰æ‘©,https://ypmnkbb.saejeuj.com/api/app/media/m3u8/av/9m/p7/v3/bo/b72ab2435d384fee9f620eb908911c51.m3u8?
MSD-113/çˆ½æ“å°‘å¦‡å–·ç™½æµ†,https://ypmnkbb.saejeuj.com/api/app/media/m3u8/av/9o/w7/qp/4a/4ec0964678e645ce89eef69903c719e1.m3u8?
çˆ±æƒ…å…¬å¯“1,https://t11.cdn2020.com:12336/video/m3u8/2021/10/02/4907f503/index.m3u8
çˆ±æƒ…å…¬å¯“2,https://t11.cdn2020.com:12336/video/m3u8/2021/10/02/a6b1d923/index.m3u8
çˆ±æƒ…å…¬å¯“3,https://t12.cdn2020.com:12337/video/m3u8/2021/10/06/2c997077/index.m3u8
çˆ±æƒ…å…¬å¯“4,https://t12.cdn2020.com:12337/video/m3u8/2021/10/06/106977bb/index.m3u8
çˆ±æƒ…å…¬å¯“5,https://t12.cdn2020.com:12337/video/m3u8/2021/10/06/01e75fc2/index.m3u8
MLT-002/è¿ç»­è¢«ä¸Šçš„OL,https://ypmnkbb.saejeuj.com/api/app/media/m3u8/av/da/bj/1c/et/399a1a6f21a74a6b9a391b1903ce2f3c.m3u8?
MSD-001/ä¹±ä¼¦è¿·æƒ…è¯,https://ypmnkbb.saejeuj.com/api/app/media/m3u8/av/qi/oi/gz/ux/dbf57474fbed49c9aa3fb97bcd75b891.m3u8?
MSD-003/èœé¸Ÿç‰¹åŠ¡,https://ypmnkbb.saejeuj.com/api/app/media/m3u8/av/kn/99/yw/34/c3ac47258c9f4b7399c6a6543b80b8c1.m3u8?
MSD-008/å‡ºè½¨çš„å¦–è‰³å°‘å¦‡,https://ypmnkbb.saejeuj.com/api/app/media/m3u8/av/hh/y4/uz/4k/251dd61a40324cf19846bc58f1cbff12.m3u8?
MSD-009/é¦™è‰³å§å¦¹   é‚»å±…,https://ypmnkbb.saejeuj.com/api/app/media/m3u8/av/ow/z3/5g/mg/90bb4af29a7c4e3c9d31fa75371c653d.m3u8?
MSD-016/å¼ºå¥¸æ¸©æŸ”å«‚å­,https://ypmnkbb.saejeuj.com/api/app/media/m3u8/av/hk/j4/rf/hb/96198f63d1ff4f68ab0bbc31748df6e7.m3u8?
MSD-020/å¼ºå¥¸æš—æ‹åŒå­¦,https://ypmnkbb.saejeuj.com/api/app/media/m3u8/av/or/7b/8n/36/b5b8ee76c8fb4212854aed70080f7840.m3u8?
MSD-024/æµé‡æ˜æ˜Ÿçš„çˆ±,https://ypmnkbb.saejeuj.com/api/app/media/m3u8/av/qj/qg/c8/1f/a09e527b128740cc8c62f1052016f11d.m3u8?
MSD-025/èµ”ç½ª...æ½œè§„åˆ™,https://ypmnkbb.saejeuj.com/api/app/media/m3u8/av/jy/cn/1d/2q/cf4836c5c81c4fa5825e0687c0ea9fd0.m3u8?
MSD-026/å¥¥è¿è¿·å¦¹å°å°‘å¦‡,https://ypmnkbb.saejeuj.com/api/app/media/m3u8/av/t7/k0/yd/wr/6af067b22d3a4fa293197c746c72c860.m3u8?
MSD-039/çº¦ä¼šå‰å‡ºè½¨èƒŒå›,https://ypmnkbb.saejeuj.com/api/app/media/m3u8/av/d8/4v/90/f4/78344d0527b04d8b8a939d7d0863ac9e.m3u8?
MSD-041/JKä¸»æ’­çš„è¿·å¥¸é¤,https://ypmnkbb.saejeuj.com/api/app/media/m3u8/av/rc/ka/e6/z9/64b8001bb54a44818761fcfdf29b22db.m3u8?
MSD-043/é’æ˜¥ç››å®´,https://ypmnkbb.saejeuj.com/api/app/media/m3u8/av/w8/2g/op/ee/94d65ada2d77477faf2df41469188390.m3u8?
MSD-044/é¡ºä»æ¬²æœ›ä¹‹å¤œ,https://ypmnkbb.saejeuj.com/api/app/media/m3u8/av/71/8s/qb/29/160a6197bc9d4d06aa956077055d9ba7.m3u8?
MSD-047/å¼ºå·ç›¸å¥¸OL,https://ypmnkbb.saejeuj.com/api/app/media/m3u8/av/1i/55/za/e1/0318bfd04ad74137bd253eacd7b28cc0.m3u8?
MSD-057/å°æ¨¡ç‰¹ç§æˆ¿çº¦ç‚®,https://ypmnkbb.saejeuj.com/api/app/media/m3u8/av/g3/gh/zk/yt/a20456ea59ef464b8f2fbc87adf5a680.m3u8?
MSD-058/å‚¬æƒ…è¿·å¹»è¯æ°´,https://ypmnkbb.saejeuj.com/api/app/media/m3u8/av/r6/he/r3/7i/57f718eb5bdd420ca5d26d367107f8d7.m3u8?
MSD-065/åº”é…¬æ½œè§„åˆ™,https://ypmnkbb.saejeuj.com/api/app/media/m3u8/av/51/42/uz/c4/98fb9291181b4f7ab3df9fa22b6ffca6.m3u8?
MSD-068/å¤–çº¦å¯¹è±¡æ˜¯å¼Ÿåª³,https://ypmnkbb.saejeuj.com/api/app/media/m3u8/av/xq/m8/6j/ah/9346d658c3814efbb414c4de599db54e.m3u8?
MSD-072/å‘å°æ¢é”™èº«,https://ypmnkbb.saejeuj.com/api/app/media/m3u8/av/or/6p/qg/6e/bc55c595b94b4759b92cda6aacc71db6.m3u8?
MSD-078/çº¯çˆ±æ‹æ­Œ,https://ypmnkbb.saejeuj.com/api/app/media/m3u8/av/ui/tv/b9/8t/77aff3eec0d24cd9acd60eb998b2f3ce.m3u8?
MSD-081/é»‘é“å¤§å“¥æ“æˆ‘é€¼,https://ypmnkbb.saejeuj.com/api/app/media/m3u8/av/vt/xv/q6/er/368e295dd4a34303bac04a58bea5af53.m3u8?
MSD-087/ä»Šæ™šè€å…¬ä¸åœ¨å®¶,https://ypmnkbb.saejeuj.com/api/app/media/m3u8/av/0j/n8/f6/cl/bcc0bb45102f46b0976a8f405a1229c9.m3u8?
MSD-088/è¡¨å§çš„è¯±æƒ‘,https://ypmnkbb.saejeuj.com/api/app/media/m3u8/av/x9/ag/h0/pi/08093f19f76b428487e20398acc62011.m3u8?
MSD-089/é¬¼ç•œå‰ä»»çš„å¨èƒ,https://ypmnkbb.saejeuj.com/api/app/media/m3u8/av/tx/dr/qe/np/adcb9781dfaa4d6c9145780722df6a44.m3u8?
MSD-090/å…¼èŒ  å®¶å©†,https://ypmnkbb.saejeuj.com/api/app/media/m3u8/av/su/vl/xg/f6/b5cb9d3fee2344f3b600a33ddb4c5630.m3u8?
MSD-107/ä¸ˆå¤«å½“å®¶   ç‚®æˆ¿,https://ypmnkbb.saejeuj.com/api/app/media/m3u8/av/8c/hz/z5/xc/587c43e791b244559f5b66737d6ca870.m3u8?
MSD-112/æƒ¹ç«ä¸Šé—¨æŒ‰æ‘©,https://ypmnkbb.saejeuj.com/api/app/media/m3u8/av/9m/p7/v3/bo/b72ab2435d384fee9f620eb908911c51.m3u8?
MSD-113/çˆ½æ“å°‘å¦‡å–·ç™½æµ†,https://ypmnkbb.saejeuj.com/api/app/media/m3u8/av/9o/w7/qp/4a/4ec0964678e645ce89eef69903c719e1.m3u8?
æƒ…ä¾£æ¸¸æˆ é›¶,https://v4.cvhlscdn.com/20221204/dDLVEjQM/hls/index.m3u8
æ£®æ—00-å¥¹çš„å¦„æƒ³,https://ypmnkbb.saejeuj.com/api/app/media/m3u8/av/8c/sf/lc/5c/34774a9c12b649619c8f4049759c35bf.m3u8?
æ£®æ—01-ç›¸é‡,https://ypmnkbb.saejeuj.com/api/app/media/m3u8/zh/qy/yi/94/89/6dc3c8cb9112436682a5af22588f52a0.m3u8?
æ£®æ—02-æ¬ºéª—,https://ypmnkbb.saejeuj.com/api/app/media/m3u8/av/jm/jr/pg/bh/03dd6e239b5c40ceb3b156344a64b372.m3u8?
æ£®æ—03-ç¢è£‚,https://ypmnkbb.saejeuj.com/api/app/media/m3u8/av/si/p3/76/69/ff14c7c54f1143ddaacac8810fdb8e90.m3u8?
æ£®æ—04-å´å¯ç–ç‘¶(ç»ˆ),https://ypmnkbb.saejeuj.com/api/app/media/m3u8/av/qy/fi/ih/p7/dd522f6b3bd64097ba0e4350b9e65e1c.m3u8?
å¤æ—¥å›å¿†2,https://ypmnkbb.saejeuj.com/api/app/media/m3u8/av/8v/45/pi/sf/049e460a47e94faabd6e1b7bda0bb6ba.m3u8?
æµ·å²›ç”Ÿæ´»1,https://ypmnkbb.saejeuj.com/api/app/media/m3u8/av/f3/op/3a/ja/1bfcd36a631e400f9e673a66fbfb7385.m3u8?
ç”œç¾æ¸¸æˆé™ªç©1,https://ypmnkbb.saejeuj.com/api/app/media/m3u8/av/uu/7f/bg/b5/28ed051cdec84ccc98cb9a8a72b2a1aa.m3u8?
ç”œç¾æ¸¸æˆé™ªç©2,https://ypmnkbb.saejeuj.com/api/app/media/m3u8/av/ex/yn/el/3k/09f83fc673314e1c8fda7139737b4f1a.m3u8?
ç”œç¾æ¸¸æˆé™ªç©3,https://ypmnkbb.saejeuj.com/api/app/media/m3u8/av/us/6e/s5/8s/72622236ce244252b9726a3530820f28.m3u8?
æ™¨é’Ÿ/æš®é¼“1,https://ypmnkbb.saejeuj.com/api/app/media/m3u8/av/qu/rw/07/7u/3f708cc50f054574b72074d960e31609.m3u8?
é’è›‡,https://ypmnkbb.saejeuj.com/api/app/media/m3u8/av/2v/hl/ll/f0/ec17339c89b348b3a3d66edfeb412b24.m3u8?
åŠ¨æ¼«ã€Šç¼˜ä¹‹ç©ºã€‹ç©¹å¦¹,https://ypmnkbb.saejeuj.com/api/app/media/m3u8/av/11/pw/5m/9o/7767714a57434242a353b23d4a3ef841.m3u8?
æŒ‰æ‘©å¸ˆ,https://ypmnkbb.saejeuj.com/api/app/media/m3u8/av/8t/0r/9y/ho/5819556d96384d6f8b0db87e873e440a.m3u8?
ç‹¬è‡ªç»ƒä¹ 1,https://ypmnkbb.saejeuj.com/api/app/media/m3u8/av/i6/ic/gf/sz/5aae7ba090374eb89fa4cf650d8a8c27.m3u8?
çŸ­ç‰‡-ç™½ä¸è¯±æƒ‘,https://ypmnkbb.saejeuj.com/api/app/media/m3u8/av/pc/pl/12/8b/e42a460570f24b01a74d96680dda0786.m3u8?
çŸ­ç‰‡-ç²‰å«©é»‘ä¸,https://ypmnkbb.saejeuj.com/api/app/media/m3u8/zh/hr/mw/v7/cj/91fbc7eb82a449148ab6a0b58d5b9268.m3u8?
çŸ­ç‰‡-ä¹…è¿ä¸­å‡º,https://ypmnkbb.saejeuj.com/api/app/media/m3u8/av/a4/f2/bf/ak/6efd2825848243879a24c6eaac25c86f.m3u8?
çŸ­ç‰‡-ç™½ä¸JK,https://ypmnkbb.saejeuj.com/api/app/media/m3u8/av/pp/hh/cs/je/277847fb29e14f0c9925baf67fea96f0.m3u8?
çŸ­ç‰‡-è¶…ç´§è£™å­,https://ypmnkbb.saejeuj.com/api/app/media/m3u8/av/h3/pc/tc/pu/17ade76bc5b64b7dbe4849cea2d79ae4.m3u8?
çŸ­ç‰‡-é»‘ä¸JK,https://ypmnkbb.saejeuj.com/api/app/media/m3u8/av/ca/jp/jl/up/b792f63ce5eb40b591b2f99d0cf975bd.m3u8?
çŸ­ç‰‡-ç©å…·è¶³äº¤,https://ypmnkbb.saejeuj.com/api/app/media/m3u8/av/kv/y2/py/nv/edce4ada13884f1591c8af5e1063a192.m3u8?
çŸ­ç‰‡-æ¿€æƒ…çº¯çˆ±,https://ypmnkbb.saejeuj.com/api/app/media/m3u8/zh/ep/gu/9m/4l/fbcbd17845504371b6e95ff3b2086a45.m3u8?
çŸ­ç‰‡-ç²‰å«©ç™½ä¸,https://ypmnkbb.saejeuj.com/api/app/media/m3u8/av/do/4z/d7/k4/f51157f041264e4cb4490dd344803668.m3u8?
çŸ­ç‰‡-æ‡’æƒ°,https://ypmnkbb.saejeuj.com/api/app/media/m3u8/av/ff/4b/yn/rh/b181c716e35f48d1aee0063c5f714be1.m3u8?
çŸ­ç‰‡-å¿«ä¹æ—¶å…‰,https://ypmnkbb.saejeuj.com/api/app/media/m3u8/av/ye/rp/r8/bb/7c2fa3a7fca04875a56f3eb710a41224.m3u8?
çŸ­ç‰‡-ã€Œ2022ã€,https://ypmnkbb.saejeuj.com/api/app/media/m3u8/av/jv/t1/9o/ji/6c4a0c8b190944bc8dee75fc8e37cc67.m3u8?
çŸ­ç‰‡-ã€Œæ™¨ã€,https://ypmnkbb.saejeuj.com/api/app/media/m3u8/av/eo/hw/ag/q1/1105642eb79f45f580c473c9fcb64725.m3u8?
èŠ±çµ®-å…¬å…±åœºåˆ,https://ypmnkbb.saejeuj.com/api/app/media/m3u8/av/lu/2b/qx/84/13f8f69e45ff4c85ac114a3df7b1ca9e.m3u8?
æœªçŸ¥å1,https://ypmnkbb.saejeuj.com/api/app/media/m3u8/zh/18/za/32/me/2a7f84f6b6094f73b46d5aac8996adc4.m3u8?
æœªçŸ¥å2,https://ypmnkbb.saejeuj.com/api/app/media/m3u8/zh/nv/qc/v3/e1/63956cf8d598483198abca8e23dc9be2.m3u8?
æœªçŸ¥å3,https://ypmnkbb.saejeuj.com/api/app/media/m3u8/zh/3y/61/o9/nw/7af144c612634d309ed0ac1ea790ca84.m3u8?
æœªçŸ¥å4,https://ypmnkbb.saejeuj.com/api/app/media/m3u8/zh/pr/6a/nr/u1/49132d649a314ffaae4efdf88bcf53ab.m3u8?
æ£®æ—00-å¥¹çš„å¦„æƒ³,https://ypmnkbb.saejeuj.com/api/app/media/m3u8/zh/sz/rp/ga/df/d7cc96217cf5466d9f6fe08a328cee51.m3u8?
çŸ­ç‰‡-æ—¥å¸¸,https://ypmnkbb.saejeuj.com/api/app/media/m3u8/zh/eo/qw/1w/pr/12959de3d3624a78bb6fd57c4f75d326.m3u8?
å¥¹æ˜¯è°,https://ypmnkbb.saejeuj.com/api/app/media/m3u8/av/ec/1l/72/me/e5c960768de448d2af563a93f427d5a3.m3u8?
é˜²ç–«å…ˆé”‹,https://ypmnkbb.saejeuj.com/api/app/media/m3u8/av/u2/ni/d4/7e/8b76511993614e2c84bcf6a7e2ead496.m3u8?
ASMRå§å§çš„æ¢¦å¢ƒ,https://ypmnkbb.saejeuj.com/api/app/media/m3u8/av/74/oh/ov/ky/be6214b2998f4f33a65d8e879fc77c8e.m3u8?
çŸ­ç‰‡-ç©å¶å§å§,https://ypmnkbb.saejeuj.com/api/app/media/m3u8/av/am/jr/eo/yr/895402a7622e48228f71fb2b874345d6.m3u8?
é’è›‡,https://ypmnkbb.saejeuj.com/api/app/media/m3u8/av/2c/gk/lx/hl/c93cd60c556c41f1a6d90f6a63a7dd25.m3u8?
ç²¾ä¸œå½±ä¸šå¼ºä¸Šå­¦ç”Ÿçš„å§å§,https://t11.cdn2020.com:12336/video/m3u8/2021/09/30/836eb99d/index.m3u8
è¢«é—ºèœœè€å…¬æ³„æ¬²è¿·å¥¸,https://t11.cdn2020.com:12336/video/m3u8/2021/10/01/65bf1733/index.m3u8
æ˜Ÿç©ºä¼ åª’å°‘å¦‡ç™½æ´1-ç«¥æ±,https://t7.cdn2020.com/video/m3u8/2021/06/26/211a053a/index.m3u8
æ˜Ÿç©ºä¼ åª’å°‘å¦‡ç™½æ´2-ç«¥æ±,https://t7.cdn2020.com/video/m3u8/2021/07/10/66f7c99f/index.m3u8
æ˜Ÿç©ºä¼ åª’å°‘å¦‡ç™½æ´5-ç«¥æ±,https://t11.cdn2020.com:12336/video/m3u8/2021/10/02/09d29d49/index.m3u8
ä¸ˆå¤«çš„ç»¿å¸½æ„¿æœ›-å¤æ™´å­,https://t11.cdn2020.com:12336/video/m3u8/2021/10/02/5cf7490d/index.m3u8
æ˜Ÿç©ºä¼ åª’æ°‘å›½æ——è¢ç³»åˆ—2-æ— åŒ,https://t11.cdn2020.com:12336/video/m3u8/2021/10/02/5df8a4e6/index.m3u8
å°‘å¹´é˜¿å®¾ç¬¬äºŒå­£ç¯‡ç« äº”å¯’å‡å¼€å§‹,https://t11.cdn2020.com:12336/video/m3u8/2021/10/02/8ce1afc0/index.m3u8
æ£®æ—ç¬¬ä¸€é›†ç›¸é‡-ç©å¶å§å§,https://t11.cdn2020.com:12336/video/m3u8/2021/09/23/e278a64b/index.m3u8
ç²¾ä¸œå½±ä¸šå«¦å¨¥å¥”æœˆ,https://t11.cdn2020.com:12336/video/m3u8/2021/09/23/58df1fec/index.m3u8
å…”å­å…ˆç”Ÿä¹‹ä¸œäº¬çˆ±æ¬²æ•…äº‹-æ˜æ—¥é¦™,https://t11.cdn2020.com:12336/video/m3u8/2021/09/23/74bc2f59/index.m3u8
é’æ˜¥ç››å®´-è‰¾æ‹‰,https://t11.cdn2020.com:12336/video/m3u8/2021/09/23/93bbf141/index.m3u8
MDæœ‰é’±èƒ½ä½¿å¦¹å¼€è…¿-è‰¾ç§‹,https://t11.cdn2020.com:12336/video/m3u8/2021/09/25/9abe8198/index.m3u8
æ˜Ÿç©ºä¼ åª’ç¨‹åºå‘˜çš„å¥‡å¹»ä¹‹æ—…1-é¾šè²è²,https://t11.cdn2020.com:12336/video/m3u8/2021/09/25/ddad30f8/index.m3u8
MSDé¦™è‰³å§å¦¹æ–°é‚»å±…-è¢å­ä»ª,https://t11.cdn2020.com:12336/video/m3u8/2021/09/25/71a1be12/index.m3u8
å®¶åº­æ•™å¸ˆ-é›¨æ™¨,https://t11.cdn2020.com:12336/video/m3u8/2021/09/25/39cdc1a2/index.m3u8
å‰æ³½å°ç™¾,https://fc.imgscloud.com/f/vrtpyyczpf/vrtpyyczpf.m3u8
ç„¡ç¢¼å½±ç‰‡,https://d3vfgw5crbffaq.cloudfront.net/20200109/FC2PPV-1224188/index.m3u8
ç™½çµ²èª˜æƒ‘,https://ypmnkbb.saejeuj.com/api/app/media/m3u8/av/pc/pl/12/8b/e42a460570f24b01a74d96680dda0786.m3u8
é’è›‡,https://ypmnkbb.saejeuj.com/api/app/media/m3u8/av/2c/gk/lx/hl/c93cd60c556c41f1a6d90f6a63a7dd25.m3u8
æŒ‰æ‘©å¸«,https://ypmnkbb.saejeuj.com/api/app/media/m3u8/av/8t/0r/9y/ho/5819556d96384d6f8b0db87e873e440a.m3u8
å¤æ—¥å›æ†¶2,https://ypmnkbb.saejeuj.com/api/app/media/m3u8/av/8v/45/pi/sf/049e460a47e94faabd6e1b7bda0bb6ba.m3u8
æµ·å³¶ç”Ÿæ´»1,https://ypmnkbb.saejeuj.com/api/app/media/m3u8/av/f3/op/3a/ja/1bfcd36a631e400f9e673a66fbfb7385.m3u8
å‹•æ¼«ã€Šç·£ä¹‹ç©ºã€‹æ¥µå“è˜¿è‰ç©¹å¦¹,https://ypmnkbb.saejeuj.com/api/app/media/m3u8/av/11/pw/5m/9o/7767714a57434242a353b23d4a3ef841.m3u8
æ™¨é˜/æš®é¼“,https://ypmnkbb.saejeuj.com/api/app/media/m3u8/av/qu/rw/07/7u/3f708cc50f054574b72074d960e31609.m3u8
æ£®æ—00-å¥¹çš„å¦„æƒ³,https://ypmnkbb.saejeuj.com/api/app/media/m3u8/zh/sz/rp/ga/df/d7cc96217cf5466d9f6fe08a328cee51.m3u8
æ£®æ—01-ç›¸é‡,https://ypmnkbb.saejeuj.com/api/app/media/m3u8/zh/qy/yi/94/89/6dc3c8cb9112436682a5af22588f52a0.m3u8
æ£®æ—02-æ¬ºé¨™,https://ypmnkbb.saejeuj.com/api/app/media/m3u8/av/jm/jr/pg/bh/03dd6e239b5c40ceb3b156344a64b372.m3u8
æ£®æ—03-ç¢è£‚,https://ypmnkbb.saejeuj.com/api/app/media/m3u8/av/si/p3/76/69/ff14c7c54f1143ddaacac8810fdb8e90.m3u8
æ£®æ—04-å³å¯ç–ç‘¤(çµ‚),https://ypmnkbb.saejeuj.com/api/app/media/m3u8/av/qy/fi/ih/p7/dd522f6b3bd64097ba0e4350b9e65e1c.m3u8
çŸ­ç‰‡-æ—¥å¸¸,https://ypmnkbb.saejeuj.com/api/app/media/m3u8/zh/eo/qw/1w/pr/12959de3d3624a78bb6fd57c4f75d326.m3u8
çŸ­ç‰‡-å¿«æ¨‚æ™‚å…‰,https://ypmnkbb.saejeuj.com/api/app/media/m3u8/av/ye/rp/r8/bb/7c2fa3a7fca04875a56f3eb710a41224.m3u8
çŸ­ç‰‡-ç©å¶å§å§,https://ypmnkbb.saejeuj.com/api/app/media/m3u8/av/am/jr/eo/yr/895402a7622e48228f71fb2b874345d6.m3u8
çŸ­ç‰‡-ç©å¶å§å§1,https://ypmnkbb.saejeuj.com/api/app/media/m3u8/av/a4/f2/bf/ak/6efd2825848243879a24c6eaac25c86f.m3u8
çŸ­ç‰‡-ç©å¶å§å§2,https://ypmnkbb.saejeuj.com/api/app/media/m3u8/av/pp/hh/cs/je/277847fb29e14f0c9925baf67fea96f0.m3u8
çŸ­ç‰‡-ç©å¶å§å§3,https://ypmnkbb.saejeuj.com/api/app/media/m3u8/av/h3/pc/tc/pu/17ade76bc5b64b7dbe4849cea2d79ae4.m3u8
çŸ­ç‰‡-ç©å¶å§å§5,https://ypmnkbb.saejeuj.com/api/app/media/m3u8/av/kv/y2/py/nv/edce4ada13884f1591c8af5e1063a192.m3u8
çŸ­ç‰‡-ç²‰å«©ç™½çµ²,https://ypmnkbb.saejeuj.com/api/app/media/m3u8/av/do/4z/d7/k4/f51157f041264e4cb4490dd344803668.m3u8
çŸ­ç¯‡é›†ã€Œ2022ã€,https://ypmnkbb.saejeuj.com/api/app/media/m3u8/av/jv/t1/9o/ji/6c4a0c8b190944bc8dee75fc8e37cc67.m3u8
çŸ­ç¯‡é›†ã€Œè—ã€,https://ypmnkbb.saejeuj.com/api/app/media/m3u8/av/i6/ic/gf/sz/5aae7ba090374eb89fa4cf650d8a8c27.m3u8
è±å±-å…¬å…±å ´åˆ,https://ypmnkbb.saejeuj.com/api/app/media/m3u8/av/lu/2b/qx/84/13f8f69e45ff4c85ac114a3df7b1ca9e.m3u8
å©šå…§æƒ…-æ¥Šæ¡ƒ[1280*720],https://10j99.cdnedge.live/file/avple-images/hls/610cf1adff7a912d5bde15c3/playlist.m3u8
æå“å°å§å§è‡ªæ…°ç§€,https://t11.cdn2020.com:12336/video/m3u8/2021/09/30/795ea06d/index.m3u8
